,Map,Team1,Team1Pts,Team2,Team2Pts,Team1Win,Team1LastWin,Team2LastWin,Team1RanksHigher,Team2RanksHigher,Team1WonLast
0,0,381,4,368,16,0,0,0,0,0,0
1,4,368,8,381,16,0,1,0,0,0,0
2,3,295,16,133,7,1,0,0,0,1,0
3,3,106,12,252,16,0,0,0,0,1,0
4,7,252,16,106,13,1,1,0,1,0,0
5,4,106,16,252,7,1,0,1,0,1,0
6,4,114,16,214,11,1,0,0,0,1,0
7,0,114,16,214,10,1,1,0,0,1,0
8,2,76,13,318,16,0,0,0,0,1,0
9,4,314,16,236,11,1,0,0,0,1,0
10,7,314,16,236,7,1,1,0,0,1,0
11,5,236,19,314,16,1,0,1,1,0,0
12,0,142,16,100,8,1,0,0,0,0,0
13,1,142,16,100,10,1,1,0,0,0,0
14,4,177,16,186,5,1,0,0,0,1,0
15,0,186,16,177,14,1,0,1,1,0,0
16,3,186,8,177,16,0,1,0,1,0,0
17,5,42,13,61,16,0,0,0,1,0,0
18,4,61,16,42,3,1,1,0,0,1,0
19,0,88,22,2,18,1,0,0,0,0,0
20,2,177,16,325,5,1,1,0,0,1,0
21,0,173,16,58,12,1,0,0,0,1,0
22,2,61,12,42,16,0,1,0,0,1,0
23,0,173,16,335,9,1,1,0,0,1,0
24,0,333,6,341,16,0,0,0,0,0,0
25,1,341,16,333,3,1,1,0,0,0,0
26,0,108,8,58,16,0,0,0,1,0,0
27,0,173,16,61,8,1,1,0,1,0,0
28,5,177,16,325,9,1,1,0,0,1,0
29,5,335,11,58,16,0,0,1,1,0,0
30,1,5,16,2,8,1,0,0,0,0,0
31,7,2,5,5,16,0,0,1,0,0,0
32,2,5,7,2,16,0,1,0,0,0,0
33,5,348,9,360,16,0,0,0,1,0,0
34,0,242,16,79,14,1,0,0,0,0,0
35,4,196,16,214,8,1,0,0,0,1,0
36,5,214,8,196,16,0,0,1,1,0,0
37,4,150,16,140,5,1,0,0,0,0,0
38,2,140,16,150,12,1,0,1,0,0,0
39,1,150,16,140,14,1,0,1,0,0,0
40,5,133,6,295,16,0,0,1,1,0,0
41,2,133,11,295,16,0,0,1,1,0,0
42,0,164,8,175,16,0,0,0,0,0,0
43,3,164,12,175,16,0,0,1,0,0,0
44,2,164,16,175,14,1,0,1,0,0,0
45,3,360,16,318,2,1,1,1,0,1,0
46,5,214,13,360,16,0,0,1,1,0,0
47,7,318,16,295,13,1,0,1,1,0,0
48,0,76,7,149,16,0,0,0,0,1,0
49,7,149,16,76,11,1,1,0,1,0,0
50,4,242,11,314,16,0,1,0,1,0,0
51,1,242,6,314,16,0,0,1,1,0,0
52,1,368,16,223,11,1,0,0,0,0,0
53,0,368,16,223,3,1,1,0,0,0,0
54,2,214,9,295,16,0,0,0,1,0,0
55,4,202,8,360,16,0,0,1,1,0,0
56,5,106,28,252,24,1,1,0,0,1,0
57,4,252,16,106,13,1,0,1,1,0,0
58,7,106,16,252,13,1,0,1,0,1,0
59,5,220,7,49,16,0,0,0,0,0,0
60,4,220,16,49,9,1,0,1,0,0,0
61,1,49,16,220,10,1,0,1,0,0,0
62,2,133,16,130,2,1,0,0,0,0,0
63,5,130,12,133,16,0,0,1,0,0,0
64,7,114,16,318,14,1,1,1,0,1,0
65,3,114,16,318,4,1,1,0,0,1,0
66,0,79,5,236,16,0,0,1,0,0,0
67,7,79,5,236,16,0,0,1,0,0,0
68,1,42,10,177,16,0,1,1,0,1,0
69,4,173,16,88,13,1,1,1,0,1,0
70,3,2,12,186,16,0,1,0,0,0,0
71,0,186,19,2,17,1,1,0,0,0,0
72,2,58,16,61,6,1,1,0,1,0,0
73,1,177,16,108,12,1,1,0,0,1,0
74,1,173,16,2,14,1,1,0,0,1,0
75,7,108,11,177,16,0,0,1,1,0,0
76,1,42,13,2,16,0,0,0,0,1,0
77,0,58,16,335,12,1,1,0,0,1,0
78,4,175,16,141,11,1,0,0,0,0,0
79,7,141,7,175,16,0,0,1,0,0,0
80,2,252,11,87,16,0,0,0,1,0,0
81,4,91,14,340,16,0,0,0,0,0,0
82,2,91,10,340,16,0,0,1,0,0,0
83,4,252,16,202,12,1,0,0,1,0,0
84,0,340,16,365,14,1,1,0,0,0,0
85,2,164,16,118,7,1,1,0,0,0,0
86,3,164,16,118,3,1,1,0,0,0,0
87,1,133,9,87,16,0,1,1,1,0,0
88,4,214,16,221,10,1,0,0,0,0,0
89,2,214,12,221,16,0,1,0,0,0,0
90,4,91,16,365,10,1,0,0,0,0,0
91,5,91,9,365,16,0,1,0,0,0,0
92,2,91,16,365,9,1,0,1,0,0,0
93,7,42,16,88,3,1,0,0,0,1,0
94,5,88,10,42,16,0,0,1,1,0,0
95,4,366,12,340,16,0,0,1,0,0,0
96,4,220,19,79,17,1,0,0,0,0,0
97,0,220,19,79,15,1,1,0,0,0,0
98,7,93,19,212,17,1,0,0,0,0,0
99,5,212,16,93,12,1,0,1,0,0,0
100,3,212,16,93,3,1,1,0,0,0,0
101,4,366,12,91,16,0,0,1,0,0,0
102,2,366,7,91,16,0,0,1,0,0,0
103,1,164,16,163,8,1,1,0,0,0,0
104,2,163,10,164,16,0,0,1,0,0,0
105,5,164,13,163,16,0,1,0,0,0,0
106,3,163,25,164,28,0,1,0,0,0,0
107,4,164,16,163,19,0,1,0,0,0,0
108,2,76,10,133,16,0,0,0,0,1,0
109,5,76,10,133,16,0,0,1,0,1,0
110,0,87,16,47,11,1,1,0,1,0,0
111,1,47,12,87,16,0,0,1,0,1,0
112,2,365,16,340,7,1,0,1,0,0,0
113,0,340,11,365,16,0,0,1,0,0,0
114,3,365,10,340,16,0,1,0,0,0,0
115,1,360,4,318,16,0,1,0,0,1,0
116,4,318,16,360,8,1,1,0,1,0,0
117,3,360,8,318,16,0,0,1,0,1,0
118,2,91,22,41,25,0,1,0,0,0,0
119,4,41,16,91,14,1,1,0,0,0,0
120,1,92,16,236,4,1,0,1,0,0,0
121,4,162,16,4,3,1,0,0,0,0,0
122,1,162,16,4,13,1,1,0,0,0,0
123,0,162,14,4,16,0,1,0,0,0,0
124,0,360,16,61,11,1,0,0,1,0,0
125,5,61,16,360,8,1,0,1,0,1,0
126,3,360,16,61,11,1,0,1,1,0,0
127,3,247,16,312,14,1,0,0,0,0,0
128,2,312,8,247,16,0,0,1,0,0,0
129,4,247,8,312,16,0,1,0,0,0,0
130,2,107,4,77,16,0,0,0,0,0,0
131,0,77,16,107,3,1,1,0,0,0,0
132,1,318,16,295,13,1,1,1,1,0,0
133,7,295,10,318,16,0,0,1,0,1,0
134,4,41,16,247,8,1,1,0,0,0,0
135,3,41,16,247,12,1,1,0,0,0,0
136,4,254,8,206,16,0,0,0,0,0,0
137,1,254,16,206,19,0,0,1,0,0,0
138,0,206,8,254,16,0,1,0,0,0,0
139,7,79,16,366,0,1,0,0,0,0,0
140,2,366,16,79,13,1,0,1,0,0,0
141,4,79,16,366,8,1,0,1,0,0,0
142,2,294,16,367,3,1,0,0,0,0,0
143,2,110,13,363,16,0,0,0,0,0,0
144,0,110,11,363,16,0,0,1,0,0,0
145,0,294,16,142,2,1,1,1,0,0,0
146,2,233,6,256,16,0,0,0,0,0,0
147,4,233,7,256,16,0,0,1,0,0,0
148,3,256,4,233,16,0,1,0,0,0,0
149,0,256,11,233,16,0,0,1,0,0,0
150,0,336,13,61,16,0,0,0,1,0,0
151,7,61,19,336,22,0,1,0,0,1,0
152,1,336,9,61,16,0,1,0,1,0,0
153,3,177,14,295,16,0,1,0,1,0,0
154,1,177,16,295,11,1,0,1,1,0,0
155,0,295,16,177,11,1,0,1,0,1,0
156,4,318,16,336,11,1,1,0,1,0,0
157,3,318,16,336,13,1,1,0,1,0,0
158,7,336,19,318,17,1,0,1,0,1,0
159,1,173,18,61,22,0,1,1,1,0,0
160,7,173,11,61,16,0,0,1,1,0,0
161,0,110,16,115,7,1,0,0,0,0,0
162,2,110,16,115,11,1,1,0,0,0,0
163,5,319,8,162,16,0,0,0,0,0,0
164,0,319,5,162,16,0,0,1,0,0,0
165,3,312,4,91,16,0,1,0,0,0,0
166,5,91,12,312,16,0,1,0,0,0,0
167,2,91,16,312,11,1,0,1,0,0,0
168,4,177,7,360,16,0,0,1,0,1,0
169,2,177,12,360,16,0,0,1,0,1,0
170,1,295,16,196,12,1,1,1,0,1,0
171,2,196,16,295,7,1,0,1,1,0,0
172,7,295,16,196,13,1,0,1,0,1,0
173,0,107,16,78,4,1,0,0,0,0,0
174,3,107,16,78,7,1,1,0,0,0,0
175,2,78,16,107,14,1,0,1,0,0,0
176,3,274,8,77,16,0,0,1,0,0,0
177,0,77,16,274,6,1,1,0,0,0,0
178,3,364,16,340,9,1,0,1,0,0,0
179,0,340,11,364,16,0,0,1,0,0,0
180,4,340,16,364,4,1,0,1,0,0,0
181,0,122,1,206,16,0,0,0,0,0,0
182,1,206,16,122,2,1,1,0,0,0,0
183,0,101,4,254,16,0,0,1,0,0,0
184,4,254,16,101,3,1,1,0,0,0,0
185,4,302,16,367,6,1,0,0,0,0,0
186,3,4,16,215,5,1,1,0,0,0,0
187,0,4,16,215,2,1,1,0,0,0,0
188,4,294,8,367,16,0,1,0,0,0,0
189,0,64,10,363,16,0,0,1,0,0,0
190,3,363,19,64,16,1,1,0,0,0,0
191,0,142,14,302,16,0,0,1,0,0,0
192,3,318,22,61,19,1,0,1,1,0,0
193,7,318,16,61,7,1,1,0,1,0,0
194,1,173,13,336,16,0,0,1,0,1,0
195,7,336,16,173,8,1,1,0,1,0,0
196,5,196,7,360,16,0,0,1,1,0,0
197,4,196,10,360,16,0,0,1,1,0,0
198,1,295,10,177,16,0,1,0,0,1,0
199,0,177,16,295,6,1,1,0,1,0,0
200,1,242,16,375,14,1,0,0,0,0,0
201,3,242,16,375,6,1,1,0,0,0,0
202,0,156,16,157,12,1,0,0,0,0,0
203,4,247,19,365,16,1,0,0,0,0,0
204,1,365,16,247,19,0,0,1,0,0,0
205,2,156,16,159,9,1,1,0,0,0,0
206,0,204,13,242,16,0,0,1,0,0,0
207,4,242,16,204,5,1,1,0,0,0,0
208,3,204,16,242,14,1,0,1,0,0,0
209,0,156,16,158,5,1,1,0,0,0,0
210,0,312,16,305,12,1,0,0,0,0,0
211,4,312,16,305,12,1,1,0,0,0,0
212,4,210,4,375,16,0,0,0,0,0,0
213,5,375,16,210,9,1,1,0,0,0,0
214,3,367,4,233,16,0,1,1,0,0,0
215,4,233,19,367,17,1,1,0,0,0,0
216,7,335,16,42,3,1,0,1,1,0,0
217,2,42,16,253,11,1,0,0,0,1,0
218,3,123,19,71,17,1,0,0,0,0,0
219,2,123,16,71,7,1,1,0,0,0,0
220,0,71,16,123,11,1,0,1,0,0,0
221,0,42,16,58,12,1,1,1,0,1,0
222,5,253,16,186,13,1,0,1,0,0,0
223,0,88,16,58,12,1,0,0,1,0,0
224,3,335,16,108,4,1,1,0,0,0,0
225,7,108,16,335,19,0,0,1,0,0,0
226,2,335,3,108,16,0,1,0,0,0,0
227,4,230,8,93,16,0,0,0,0,0,0
228,7,230,10,93,16,0,0,1,0,0,0
229,2,210,16,245,12,1,0,0,0,0,0
230,4,149,16,242,11,1,1,0,0,0,0
231,0,242,3,149,16,0,0,1,0,0,0
232,7,149,8,242,16,0,1,0,0,0,0
233,0,204,19,245,17,1,1,0,0,0,0
234,4,47,10,252,16,0,0,1,0,1,0
235,7,252,14,47,16,0,1,0,1,0,0
236,1,314,20,380,22,0,1,0,0,1,0
237,0,314,16,380,13,1,0,1,0,1,0
238,0,172,8,93,16,0,0,1,0,0,0
239,5,271,8,210,16,0,0,1,0,0,0
240,4,87,16,214,13,1,1,0,0,1,0
241,4,204,16,271,5,1,1,0,0,0,0
242,5,314,16,47,2,1,1,1,1,0,0
243,7,314,16,47,11,1,1,0,1,0,0
244,0,76,22,114,19,1,0,1,0,1,0
245,3,114,13,76,16,0,0,1,1,0,0
246,2,114,16,76,13,1,0,1,1,0,0
247,0,93,5,230,16,0,1,0,0,0,0
248,4,93,8,230,16,0,0,1,0,0,0
249,0,245,19,210,15,1,0,1,0,0,0
250,5,233,16,181,2,1,1,0,0,0,0
251,1,233,11,181,16,0,1,0,0,0,0
252,0,181,14,233,16,0,1,0,0,0,0
253,0,256,16,367,11,1,0,0,0,0,0
254,3,256,16,367,14,1,1,0,0,0,0
255,4,173,11,325,16,0,0,0,0,1,0
256,0,177,16,42,4,1,1,1,1,0,0
257,3,177,16,2,4,1,1,1,0,1,0
258,5,173,16,325,6,1,0,1,0,1,0
259,2,42,16,88,6,1,0,1,0,1,0
260,0,335,19,205,16,1,0,0,0,0,0
261,1,335,16,205,12,1,1,0,0,0,0
262,5,325,12,58,16,0,0,0,1,0,0
263,1,173,16,177,6,1,1,1,0,1,0
264,4,88,6,61,16,0,0,0,1,0,0
265,3,108,16,335,21,0,1,1,0,0,0
266,0,202,16,214,7,1,0,0,0,1,0
267,7,29,7,172,16,0,0,0,0,0,0
268,3,242,16,92,6,1,1,1,0,0,0
269,0,114,16,164,7,1,1,0,0,1,0
270,3,114,12,164,16,0,1,0,0,1,0
271,2,164,12,114,16,0,1,0,1,0,0
272,5,202,12,133,16,0,1,1,0,1,0
273,1,375,16,92,9,1,1,0,0,0,0
274,3,87,16,133,7,1,1,1,0,1,0
275,5,172,7,93,16,0,1,0,0,0,0
276,7,172,12,93,16,0,0,1,0,0,0
277,4,83,13,76,16,0,0,0,1,0,0
278,2,76,16,83,4,1,1,0,0,1,0
279,0,242,16,79,9,1,1,1,0,0,0
280,5,220,10,314,16,0,1,1,1,0,0
281,2,314,11,220,16,0,1,0,0,1,0
282,1,314,16,220,12,1,0,1,0,1,0
283,4,242,13,375,16,0,1,1,0,0,0
284,4,70,16,47,8,1,0,0,1,0,0
285,0,70,6,47,16,0,1,0,1,0,0
286,0,301,10,145,16,0,0,0,0,0,0
287,0,230,16,29,9,1,1,0,0,0,0
288,3,29,13,230,16,0,0,1,0,0,0
289,4,92,16,79,5,1,0,0,0,0,0
290,1,355,6,181,16,0,0,0,0,0,0
291,2,188,6,181,16,0,0,1,0,0,0
292,2,181,16,100,3,1,1,0,0,0,0
293,7,256,16,233,14,1,1,1,0,0,0
294,0,256,9,233,16,0,1,0,0,0,0
295,3,256,16,233,9,1,0,1,0,0,0
296,3,367,16,181,5,1,0,1,0,0,0
297,2,367,16,181,4,1,1,0,0,0,0
298,1,335,16,325,12,1,1,0,0,0,0
299,0,325,12,335,16,0,0,1,0,0,0
300,3,42,16,173,12,1,1,1,1,0,0
301,4,325,2,335,16,0,0,1,0,0,0
302,7,61,16,253,3,1,1,1,0,1,0
303,7,2,16,58,12,1,0,1,1,0,0
304,3,58,11,335,16,0,0,1,0,1,0
305,1,88,25,325,22,1,0,0,0,0,0
306,4,173,14,108,16,0,0,0,0,1,0
307,2,15,21,23,19,1,0,0,0,0,0
308,2,214,8,360,16,0,0,1,1,0,0
309,1,87,9,202,16,0,1,0,1,0,0
310,2,184,2,23,16,0,0,0,0,0,0
311,7,336,4,202,16,0,1,1,0,1,0
312,5,286,16,252,11,1,0,0,0,1,0
313,5,172,14,70,16,0,0,0,0,0,0
314,0,70,16,172,11,1,1,0,0,0,0
315,5,130,16,360,10,1,0,1,1,0,0
316,0,130,16,360,11,1,1,0,1,0,0
317,0,286,16,133,14,1,1,0,0,1,0
318,3,133,11,286,16,0,0,1,1,0,0
319,0,15,16,23,6,1,1,1,0,0,0
320,2,15,16,23,14,1,1,0,0,0,0
321,4,15,18,23,21,0,1,0,0,0,0
322,7,212,16,318,9,1,1,1,1,0,0
323,1,212,16,318,13,1,1,0,1,0,0
324,0,184,16,242,10,1,0,0,0,0,0
325,3,256,16,367,3,1,1,1,0,0,0
326,7,142,16,233,7,1,0,0,0,0,0
327,0,88,12,123,16,0,1,0,0,0,0
328,3,88,9,123,16,0,0,1,0,0,0
329,4,242,5,15,16,0,0,0,0,0,0
330,0,15,8,242,16,0,1,0,0,0,0
331,7,15,16,242,1,1,0,1,0,0,0
332,2,184,21,23,26,0,1,1,0,0,0
333,4,23,21,184,18,1,1,0,0,0,0
334,4,220,16,371,7,1,0,0,0,0,0
335,1,371,4,220,16,0,0,1,0,0,0
336,1,196,5,87,16,0,0,0,0,1,0
337,7,87,16,196,14,1,1,0,1,0,0
338,5,245,5,312,16,0,1,1,0,0,0
339,0,245,13,312,16,0,0,1,0,0,0
340,4,245,16,312,8,1,0,1,0,0,0
341,2,196,16,202,6,1,0,1,1,0,0
342,7,202,3,196,16,0,0,1,0,1,0
343,3,230,6,179,16,0,1,0,0,0,0
344,1,179,11,230,16,0,1,0,0,0,0
345,4,230,13,179,16,0,1,0,0,0,0
346,0,230,8,179,16,0,0,1,0,0,0
347,0,87,16,114,7,1,1,1,1,0,0
348,3,114,21,87,25,0,0,1,0,1,0
349,2,87,10,114,16,0,1,0,1,0,0
350,0,380,8,375,16,0,0,1,0,0,0
351,3,380,14,375,16,0,0,1,0,0,0
352,5,177,13,196,16,0,0,1,0,1,0
353,2,196,16,177,14,1,1,0,1,0,0
354,0,90,5,79,16,0,0,0,0,0,0
355,2,90,13,79,16,0,0,1,0,0,0
356,2,286,8,202,16,0,1,0,1,0,0
357,7,202,16,286,10,1,1,0,0,1,0
358,4,179,16,296,11,1,1,0,0,0,0
359,0,296,10,179,16,0,0,1,0,0,0
360,7,114,19,318,17,1,1,0,0,1,0
361,0,318,10,114,16,0,0,1,1,0,0
362,4,230,16,236,13,1,0,0,0,0,0
363,1,230,16,236,9,1,1,0,0,0,0
364,0,348,2,87,16,0,0,0,0,1,0
365,1,87,16,348,9,1,1,0,1,0,0
366,4,87,9,348,16,0,1,0,1,0,0
367,4,29,8,179,16,0,0,1,0,0,0
368,2,29,3,179,16,0,0,1,0,0,0
369,7,357,16,188,8,1,0,0,0,0,0
370,0,357,16,100,5,1,1,0,0,0,0
371,2,159,8,157,16,0,0,0,0,0,0
372,3,159,16,156,11,1,0,1,0,0,0
373,3,196,16,42,8,1,1,1,1,0,0
374,1,42,16,196,10,1,0,1,0,1,0
375,7,196,16,42,9,1,0,1,1,0,0
376,4,184,16,95,3,1,0,0,0,0,0
377,0,95,16,184,12,1,0,1,0,0,0
378,2,95,11,184,16,0,1,0,0,0,0
379,3,158,10,159,16,0,0,1,0,0,0
380,2,202,16,295,1,1,1,0,1,0,0
381,0,295,14,202,16,0,0,1,0,1,0
382,4,220,3,373,16,0,1,0,0,0,0
383,0,220,14,373,16,0,0,1,0,0,0
384,1,331,3,296,16,0,0,0,0,0,0
385,0,331,8,296,16,0,0,1,0,0,0
386,2,79,10,89,16,0,1,0,0,0,0
387,0,89,16,79,4,1,1,0,0,0,0
388,4,89,8,79,16,0,1,0,0,0,0
389,5,230,16,132,12,1,1,0,0,0,0
390,1,132,16,230,7,1,0,1,0,0,0
391,4,230,16,132,6,1,0,1,0,0,0
392,0,114,16,360,5,1,1,0,1,0,0
393,3,360,16,114,12,1,0,1,0,1,0
394,4,114,19,360,16,1,0,1,1,0,0
395,4,263,12,236,16,0,0,0,0,0,0
396,7,236,16,263,7,1,1,0,0,0,0
397,5,58,12,348,16,0,0,1,0,1,0
398,2,58,6,348,16,0,0,1,0,1,0
399,1,335,13,61,16,0,1,1,1,0,0
400,3,335,13,61,16,0,0,1,1,0,0
401,4,196,9,87,16,0,1,0,0,1,0
402,7,318,16,295,7,1,0,0,1,0,0
403,0,23,14,79,16,0,1,1,0,0,0
404,4,23,16,79,9,1,0,1,0,0,0
405,4,252,16,149,4,1,0,0,0,0,0
406,7,252,9,149,16,0,1,0,0,0,0
407,2,286,16,114,6,1,0,1,1,0,0
408,1,271,13,23,16,0,0,1,0,0,0
409,3,177,16,348,13,1,0,1,0,1,0
410,2,79,16,271,13,1,0,0,0,0,0
411,0,271,10,79,16,0,0,1,0,0,0
412,1,336,14,42,16,0,0,0,1,0,0
413,4,173,11,202,16,0,0,1,0,1,0
414,4,89,16,228,8,1,0,0,0,0,0
415,2,89,16,228,4,1,1,0,0,0,0
416,5,106,8,360,16,0,1,0,0,1,0
417,1,314,13,58,16,0,1,0,0,1,0
418,3,108,16,60,3,1,1,0,0,0,0
419,4,60,13,108,16,0,0,1,0,0,0
420,4,23,16,371,11,1,1,0,0,0,0
421,1,196,16,42,12,1,0,1,1,0,0
422,0,70,16,212,4,1,1,1,0,0,0
423,1,212,16,70,7,1,0,1,0,0,0
424,4,212,10,70,16,0,1,0,0,0,0
425,0,79,16,23,10,1,1,1,0,0,0
426,4,23,4,79,16,0,0,1,0,0,0
427,5,23,16,79,14,1,0,1,0,0,0
428,1,87,16,336,6,1,1,0,1,0,0
429,1,295,16,202,13,1,0,1,0,1,0
430,7,371,5,271,16,0,0,0,0,0,0
431,0,271,16,371,3,1,1,0,0,0,0
432,1,318,19,173,15,1,1,0,1,0,0
433,3,360,8,114,16,0,1,0,0,1,0
434,0,106,6,286,16,0,0,1,0,1,0
435,2,177,16,58,11,1,1,1,1,0,0
436,1,314,10,348,16,0,0,0,0,1,0
437,7,60,9,61,16,0,0,1,1,0,0
438,5,60,7,61,16,0,0,1,1,0,0
439,5,335,16,253,4,1,0,0,0,0,0
440,1,253,9,335,16,0,0,1,0,0,0
441,7,335,8,253,16,0,1,0,0,0,0
442,0,93,16,312,13,1,1,0,0,0,0
443,0,350,19,377,17,1,0,0,0,0,0
444,4,323,12,312,16,0,0,0,0,0,0
445,5,133,12,47,16,0,0,1,1,0,0
446,0,133,16,47,9,1,0,1,1,0,0
447,4,91,16,66,14,1,1,0,0,0,0
448,2,91,16,66,11,1,1,0,0,0,0
449,7,323,7,93,16,0,0,1,0,0,0
450,0,93,16,323,11,1,1,0,0,0,0
451,4,93,13,323,16,0,1,0,0,0,0
452,4,220,14,312,16,0,0,1,0,0,0
453,5,108,5,61,16,0,1,1,1,0,0
454,7,61,16,108,13,1,1,0,0,1,0
455,2,312,4,323,16,0,1,1,0,0,0
456,4,312,10,323,16,0,0,1,0,0,0
457,5,93,16,220,14,1,0,0,0,0,0
458,0,220,9,93,16,0,0,1,0,0,0
459,4,220,16,93,11,1,0,1,0,0,0
460,5,87,16,360,14,1,1,0,1,0,0
461,3,348,16,214,14,1,1,0,0,1,0
462,0,23,16,6,10,1,1,0,0,0,0
463,0,29,14,13,16,0,0,0,0,0,0
464,3,286,16,164,14,1,1,0,0,1,0
465,5,164,5,286,16,0,0,1,1,0,0
466,4,360,19,196,17,1,0,1,0,1,0
467,4,91,2,6,16,0,1,0,0,0,0
468,2,91,14,6,16,0,0,1,0,0,0
469,7,133,8,196,16,0,1,0,1,0,0
470,5,130,10,295,16,0,1,1,1,0,0
471,7,295,10,130,16,0,1,0,0,1,0
472,2,295,16,130,13,1,0,1,0,1,0
473,2,214,16,133,8,1,0,0,0,0,0
474,4,16,16,154,12,1,0,0,0,0,0
475,7,16,26,154,28,0,1,0,0,0,0
476,3,16,19,154,16,1,0,1,0,0,0
477,0,295,5,133,16,0,1,0,0,1,0
478,0,92,3,89,16,0,1,1,0,0,0
479,4,89,22,92,20,1,1,0,0,0,0
480,3,280,16,85,11,1,0,0,0,0,0
481,0,280,14,85,16,0,1,0,0,0,0
482,2,85,14,280,16,0,1,0,0,0,0
483,1,23,16,6,11,1,1,1,0,0,0
484,0,6,16,23,10,1,0,1,0,0,0
485,4,6,17,23,19,0,1,0,0,0,0
486,4,91,7,220,16,0,0,1,0,0,0
487,5,91,10,220,16,0,0,1,0,0,0
488,1,97,16,200,10,1,0,0,0,0,0
489,2,97,16,200,11,1,1,0,0,0,0
490,4,6,4,89,16,0,0,1,0,0,0
491,0,89,16,6,4,1,1,0,0,0,0
492,4,154,16,40,14,1,0,0,0,0,0
493,5,40,14,154,16,0,0,1,0,0,0
494,3,40,22,154,19,1,0,1,0,0,0
495,5,141,14,303,16,0,0,0,0,0,0
496,4,141,12,303,16,0,0,1,0,0,0
497,0,141,7,303,16,0,0,1,0,0,0
498,1,141,16,303,7,1,0,1,0,0,0
499,1,128,9,268,16,0,0,0,0,0,0
500,7,42,11,173,16,0,0,0,1,0,0
501,3,128,16,168,13,1,0,0,0,0,0
502,2,60,10,173,16,0,0,1,1,0,0
503,4,58,11,42,16,0,0,0,1,0,0
504,2,128,8,268,16,0,1,1,0,0,0
505,0,128,8,268,16,0,0,1,0,0,0
506,3,168,16,235,8,1,0,0,0,0,0
507,5,88,16,58,10,1,0,0,1,0,0
508,0,60,17,177,19,0,0,1,1,0,0
509,2,88,11,177,16,0,1,1,1,0,0
510,4,119,13,91,16,0,0,0,0,0,0
511,3,286,16,87,9,1,1,1,0,1,0
512,5,286,16,318,3,1,1,1,0,1,0
513,4,16,25,154,22,1,1,0,0,0,0
514,3,154,15,16,19,0,0,1,0,0,0
515,7,16,12,154,16,0,1,0,0,0,0
516,1,318,16,252,13,1,0,0,0,1,0
517,2,95,16,240,14,1,0,0,0,0,0
518,0,95,16,240,5,1,1,0,0,0,0
519,4,252,13,196,16,0,0,1,1,0,0
520,7,6,16,91,14,1,0,1,0,0,0
521,4,91,14,6,16,0,0,1,0,0,0
522,2,91,16,6,8,1,0,1,0,0,0
523,3,40,16,356,11,1,1,0,0,0,0
524,2,202,17,295,19,0,0,0,1,0,0
525,4,252,16,133,6,1,0,1,0,0,0
526,2,328,3,303,16,0,0,0,0,0,0
527,0,328,11,303,16,0,0,1,0,0,0
528,0,23,16,119,12,1,1,0,0,0,0
529,4,119,7,23,16,0,0,1,0,0,0
530,4,16,16,40,7,1,0,1,0,0,0
531,3,16,16,40,3,1,1,0,0,0,0
532,4,141,16,57,9,1,1,0,0,0,0
533,3,141,16,57,1,1,1,0,0,0,0
534,2,57,16,141,10,1,0,1,0,0,0
535,4,154,16,356,5,1,1,0,0,0,0
536,1,356,7,154,16,0,0,1,0,0,0
537,4,128,16,235,6,1,0,0,0,0,0
538,0,235,6,128,16,0,0,1,0,0,0
539,4,168,3,268,16,0,1,1,0,0,0
540,5,268,7,168,16,0,1,0,0,0,0
541,0,168,3,268,16,0,1,0,0,0,0
542,0,157,16,156,2,1,1,0,0,0,0
543,7,106,16,47,11,1,0,0,1,0,0
544,4,106,14,47,16,0,1,0,1,0,0
545,0,106,16,47,6,1,0,1,1,0,0
546,0,158,9,156,16,0,0,0,0,0,0
547,0,164,16,70,9,1,0,1,0,0,0
548,1,164,12,70,16,0,1,0,0,0,0
549,4,373,5,312,16,0,1,0,0,0,0
550,2,373,7,312,16,0,0,1,0,0,0
551,0,159,13,156,16,0,1,1,0,0,0
552,1,220,16,92,11,1,1,0,0,0,0
553,7,220,16,92,11,1,1,0,0,0,0
554,3,325,16,88,8,1,0,0,0,0,0
555,3,186,16,325,13,1,0,1,0,0,0
556,0,42,6,335,16,0,1,0,0,1,0
557,1,42,11,335,16,0,0,1,0,1,0
558,7,335,11,42,16,0,1,0,1,0,0
559,2,186,16,177,5,1,1,1,1,0,0
560,4,177,16,108,10,1,0,0,0,1,0
561,5,88,2,173,16,0,0,1,1,0,0
562,3,88,7,173,16,0,0,1,1,0,0
563,0,295,16,252,14,1,1,1,0,1,0
564,3,164,13,133,16,0,0,0,0,0,0
565,1,133,16,164,11,1,1,0,0,0,0
566,2,375,16,53,9,1,1,0,0,0,0
567,0,53,8,375,16,0,0,1,0,0,0
568,0,92,16,220,14,1,0,1,0,0,0
569,4,286,20,348,22,0,1,1,1,0,0
570,7,252,16,214,6,1,0,1,0,0,0
571,5,70,12,318,16,0,1,1,1,0,0
572,4,318,16,70,7,1,1,0,0,1,0
573,0,204,6,149,16,0,1,1,0,0,0
574,1,204,13,149,16,0,0,1,0,0,0
575,5,202,11,196,16,0,0,1,0,1,0
576,4,220,16,371,6,1,0,0,0,0,0
577,7,214,10,318,16,0,0,1,1,0,0
578,3,202,6,196,16,0,0,1,0,1,0
579,2,286,16,130,11,1,0,0,0,1,0
580,5,130,6,286,16,0,0,1,1,0,0
581,3,314,11,76,16,0,0,1,0,1,0
582,5,76,16,314,13,1,1,0,1,0,0
583,2,375,16,369,3,1,1,0,0,0,0
584,3,369,2,375,16,0,0,1,0,0,0
585,1,92,16,371,13,1,1,0,0,0,0
586,2,92,16,371,9,1,1,0,0,0,0
587,5,61,16,58,6,1,1,0,0,1,0
588,4,343,16,325,13,1,0,0,0,0,0
589,1,58,16,2,6,1,0,1,0,1,0
590,4,325,19,2,16,1,0,0,0,0,0
591,1,335,16,343,9,1,0,1,0,0,0
592,5,325,16,177,7,1,1,1,1,0,0
593,1,173,16,58,12,1,1,1,0,1,0
594,4,220,16,79,10,1,1,0,0,0,0
595,1,348,16,133,13,1,1,1,0,1,0
596,1,348,16,214,7,1,1,0,0,1,0
597,0,202,16,114,10,1,0,1,1,0,0
598,5,76,16,314,13,1,1,0,1,0,0
599,3,314,5,76,16,0,0,1,0,1,0
600,0,240,1,230,16,0,0,1,0,0,0
601,3,214,3,295,16,0,0,1,1,0,0
602,5,286,5,318,16,0,1,1,0,1,0
603,4,336,19,106,17,1,0,1,1,0,0
604,3,336,16,106,7,1,1,0,1,0,0
605,2,371,16,79,10,1,0,0,0,0,0
606,0,371,13,79,16,0,1,0,0,0,0
607,4,371,19,79,16,1,0,1,0,0,0
608,7,348,6,87,16,0,1,0,0,1,0
609,1,202,16,360,8,1,1,1,1,0,0
610,2,295,11,114,16,0,1,0,0,1,0
611,5,296,14,373,16,0,1,0,0,0,0
612,2,296,16,373,13,1,0,1,0,0,0
613,7,373,16,296,12,1,0,1,0,0,0
614,0,76,16,212,8,1,1,0,0,1,0
615,3,76,16,212,10,1,1,0,0,1,0
616,4,92,16,220,5,1,1,1,0,0,0
617,7,220,9,92,16,0,0,1,0,0,0
618,1,220,22,92,19,1,0,1,0,0,0
619,7,60,16,325,7,1,0,1,0,0,0
620,2,343,16,108,5,1,0,0,0,0,0
621,7,343,16,108,8,1,1,0,0,0,0
622,1,343,7,108,16,0,1,0,0,0,0
623,5,88,9,61,16,0,0,1,1,0,0
624,3,58,6,173,16,0,0,1,1,0,0
625,1,108,8,58,16,0,1,0,1,0,0
626,1,173,21,343,17,1,1,0,0,1,0
627,3,348,16,114,12,1,0,1,1,0,0
628,2,374,8,154,16,0,0,1,0,0,0
629,7,314,9,221,16,0,0,1,0,1,0
630,2,314,8,221,16,0,0,1,0,1,0
631,4,204,20,175,26,0,0,1,0,0,0
632,0,133,10,114,16,0,0,0,1,0,0
633,2,295,16,87,12,1,0,1,0,1,0
634,7,103,10,40,16,0,0,0,0,0,0
635,4,214,16,141,13,1,0,0,0,0,0
636,2,214,16,141,12,1,1,0,0,0,0
637,3,369,16,316,5,1,0,0,0,0,0
638,7,369,16,316,13,1,1,0,0,0,0
639,4,371,17,204,21,0,1,0,0,0,0
640,7,196,16,295,13,1,1,1,1,0,0
641,4,348,16,133,8,1,1,0,0,1,0
642,4,286,13,87,16,0,0,0,0,1,0
643,7,149,18,47,21,0,1,0,1,0,0
644,1,149,16,47,7,1,0,1,1,0,0
645,0,242,16,92,12,1,0,0,0,0,0
646,3,242,12,92,16,0,1,0,0,0,0
647,1,92,7,242,16,0,1,0,0,0,0
648,5,133,11,318,16,0,0,1,1,0,0
649,1,286,16,214,1,1,0,1,0,1,0
650,2,87,14,202,16,0,1,1,1,0,0
651,4,318,11,286,16,0,1,1,1,0,0
652,4,336,16,214,11,1,1,0,0,1,0
653,7,295,16,348,10,1,0,1,0,1,0
654,5,175,16,204,13,1,1,1,0,0,0
655,4,204,2,175,16,0,0,1,0,0,0
656,0,175,10,204,16,0,1,0,0,0,0
657,2,257,15,375,19,0,0,1,0,0,0
658,4,257,16,375,14,1,0,1,0,0,0
659,0,257,7,375,16,0,1,0,0,0,0
660,7,89,12,131,16,0,1,0,0,0,0
661,2,89,9,131,16,0,0,1,0,0,0
662,0,131,3,89,16,0,1,0,0,0,0
663,0,58,16,325,11,1,1,0,0,1,0
664,4,42,16,108,14,1,1,0,0,1,0
665,3,356,16,40,12,1,0,1,0,0,0
666,3,104,9,154,16,0,0,1,0,0,0
667,0,336,16,252,8,1,1,1,0,1,0
668,3,366,12,371,16,0,0,0,0,0,0
669,3,286,16,295,5,1,1,1,1,0,0
670,2,295,12,286,16,0,0,1,0,1,0
671,4,222,8,163,16,0,0,1,0,0,0
672,2,222,16,163,11,1,0,1,0,0,0
673,3,163,16,222,6,1,0,1,0,0,0
674,0,318,16,348,19,0,0,0,1,0,0
675,5,314,5,196,16,0,0,1,0,1,0
676,7,196,16,314,2,1,1,0,1,0,0
677,3,175,16,366,3,1,0,0,0,0,0
678,0,175,16,366,7,1,1,0,0,0,0
679,4,336,16,133,9,1,1,0,0,1,0
680,2,164,16,232,4,1,0,0,0,0,0
681,0,164,16,232,4,1,1,0,0,0,0
682,0,242,17,47,21,0,1,0,1,0,0
683,1,47,16,242,8,1,1,0,0,1,0
684,5,336,5,196,16,0,1,1,0,1,0
685,2,252,4,133,16,0,0,0,0,0,0
686,4,371,12,204,16,0,1,1,0,0,0
687,1,204,16,371,7,1,1,0,0,0,0
688,0,220,9,348,16,0,1,1,1,0,0
689,4,220,7,348,16,0,0,1,1,0,0
690,4,227,18,6,22,0,0,0,0,0,0
691,0,227,2,6,16,0,0,1,0,0,0
692,3,297,16,88,13,1,0,0,0,0,0
693,5,297,16,88,8,1,1,0,0,0,0
694,4,2,16,186,13,1,0,1,0,0,0
695,1,325,14,61,16,0,0,1,1,0,0
696,7,290,5,88,16,0,0,0,0,0,0
697,5,186,3,61,16,0,0,1,1,0,0
698,4,249,8,290,16,0,0,0,0,0,0
699,2,2,1,108,16,0,1,0,0,0,0
700,0,290,16,275,6,1,1,0,0,0,0
701,4,325,16,335,12,1,0,1,0,0,0
702,4,260,13,275,16,0,0,0,0,0,0
703,4,324,7,249,16,0,0,0,0,0,0
704,2,335,13,108,16,0,0,1,0,0,0
705,3,88,7,297,16,0,1,1,0,0,0
706,0,88,16,297,13,1,0,1,0,0,0
707,1,88,2,297,16,0,1,0,0,0,0
708,0,241,13,249,16,0,0,1,0,0,0
709,4,286,16,336,6,1,1,0,1,0,0
710,1,106,16,47,10,1,0,1,1,0,0
711,5,47,11,106,16,0,0,1,0,1,0
712,3,290,7,88,16,0,1,0,0,0,0
713,0,88,16,290,13,1,1,0,0,0,0
714,0,324,13,297,16,0,0,1,0,0,0
715,4,324,4,297,16,0,0,1,0,0,0
716,1,260,16,109,12,1,0,0,0,0,0
717,7,348,19,318,17,1,1,0,0,1,0
718,2,214,7,149,16,0,0,1,0,0,0
719,1,149,16,214,6,1,1,0,0,0,0
720,3,114,16,212,3,1,1,0,0,1,0
721,7,114,16,212,9,1,1,0,0,1,0
722,1,43,8,275,16,0,0,1,0,0,0
723,2,241,16,75,10,1,0,0,0,0,0
724,0,242,16,252,7,1,0,0,0,0,0
725,1,252,17,242,19,0,0,1,0,0,0
726,0,286,19,196,16,1,1,1,1,0,0
727,0,214,16,318,8,1,0,0,1,0,0
728,3,228,17,66,19,0,0,0,0,0,0
729,4,228,5,66,16,0,0,1,0,0,0
730,0,84,5,249,16,0,0,1,0,0,0
731,1,43,3,297,16,0,0,1,0,0,0
732,2,297,16,43,9,1,1,0,0,0,0
733,1,87,16,336,3,1,0,0,1,0,0
734,3,87,16,336,4,1,1,0,1,0,0
735,5,242,13,106,16,0,1,1,1,0,0
736,1,106,16,242,13,1,1,0,0,1,0
737,3,202,12,318,16,0,1,0,0,1,0
738,5,260,13,324,16,0,1,0,0,0,0
739,1,260,25,324,22,1,0,1,0,0,0
740,4,324,16,260,3,1,0,1,0,0,0
741,0,47,6,76,16,0,0,1,0,1,0
742,4,47,16,76,13,1,0,1,0,1,0
743,0,133,16,286,8,1,1,1,1,0,0
744,4,133,6,286,16,0,1,0,1,0,0
745,2,87,16,318,5,1,1,1,1,0,0
746,0,293,20,275,22,0,0,1,0,0,0
747,5,214,3,133,16,0,1,0,0,0,0
748,4,249,10,290,16,0,1,0,0,0,0
749,1,249,16,290,14,1,0,1,0,0,0
750,0,290,16,249,6,1,0,1,0,0,0
751,7,88,16,75,10,1,1,0,0,0,0
752,0,88,16,75,2,1,1,0,0,0,0
753,0,231,7,241,16,0,0,1,0,0,0
754,2,89,16,228,3,1,1,0,0,0,0
755,4,89,16,228,2,1,1,0,0,0,0
756,0,137,9,246,16,0,0,0,1,0,0
757,0,19,21,344,18,1,0,0,0,0,0
758,1,55,3,99,16,0,0,0,0,0,0
759,0,335,25,108,21,1,0,1,0,0,0
760,7,325,12,335,16,0,1,1,0,0,0
761,7,84,9,43,16,0,0,0,0,0,0
762,4,43,16,84,14,1,1,0,0,0,0
763,4,231,7,324,16,0,0,1,0,0,0
764,7,324,16,231,10,1,1,0,0,0,0
765,2,241,9,260,16,0,1,0,0,0,0
766,1,260,16,241,3,1,1,0,0,0,0
767,7,2,16,108,10,1,0,0,0,0,0
768,0,249,16,293,9,1,0,0,0,0,0
769,3,293,7,249,16,0,0,1,0,0,0
770,2,186,7,61,16,0,0,1,1,0,0
771,1,75,16,109,11,1,0,0,0,0,0
772,7,109,6,75,16,0,0,1,0,0,0
773,4,109,16,75,6,1,0,1,0,0,0
774,1,275,6,290,16,0,1,1,0,0,0
775,5,290,25,275,21,1,1,0,0,0,0
776,3,61,16,325,13,1,1,0,0,1,0
777,7,186,16,2,1,1,0,1,0,0,0
778,7,202,16,214,4,1,0,0,0,1,0
779,1,281,8,236,16,0,0,1,0,0,0
780,2,281,13,236,16,0,0,1,0,0,0
781,5,214,16,87,12,1,0,1,1,0,0
782,2,336,8,202,16,0,0,1,0,1,0
783,0,336,8,87,16,0,0,0,0,1,0
784,5,243,16,147,10,1,0,0,0,0,0
785,0,147,16,243,13,1,0,1,0,0,0
786,4,147,1,243,16,0,1,0,0,0,0
787,0,355,11,302,16,0,0,1,0,0,0
788,3,214,3,286,16,0,1,1,1,0,0
789,2,181,16,217,8,1,0,0,0,0,0
790,4,221,16,81,14,1,1,0,0,0,0
791,0,81,16,221,11,1,0,1,0,0,0
792,2,81,5,221,16,0,1,0,0,0,0
793,5,149,16,214,6,1,1,0,0,0,0
794,4,214,16,149,9,1,0,1,0,0,0
795,2,281,16,147,9,1,0,0,0,0,0
796,3,281,16,147,4,1,1,0,0,0,0
797,5,181,2,302,16,0,1,1,0,0,0
798,4,355,16,217,4,1,0,0,0,0,0
799,5,236,16,243,12,1,1,1,0,0,0
800,7,236,16,243,10,1,1,0,0,0,0
801,5,149,16,81,13,1,0,0,0,0,0
802,4,149,28,81,24,1,1,0,0,0,0
803,0,214,16,221,12,1,1,1,0,0,0
804,2,214,16,221,7,1,1,0,0,0,0
805,4,214,12,221,16,0,1,0,0,0,0
806,0,19,11,55,16,0,1,0,0,0,0
807,0,99,8,246,16,0,1,1,1,0,0
808,0,137,16,344,9,1,0,0,0,0,0
809,0,158,3,157,16,0,0,1,0,0,0
810,0,159,14,158,16,0,0,0,0,0,0
811,3,158,16,156,14,1,1,1,0,0,0
812,4,220,16,6,10,1,0,1,0,0,0
813,1,220,16,6,14,1,1,0,0,0,0
814,0,294,16,301,4,1,0,0,0,0,0
815,5,92,6,79,16,0,0,0,0,0,0
816,7,79,16,92,7,1,1,0,0,0,0
817,0,92,16,79,14,1,0,1,0,0,0
818,4,196,14,318,16,0,0,0,0,1,0
819,3,318,16,196,14,1,1,0,1,0,0
820,7,196,13,318,16,0,0,1,0,1,0
821,1,318,9,196,16,0,1,0,1,0,0
822,2,357,10,145,16,0,1,1,0,0,0
823,3,294,16,357,3,1,1,0,0,0,0
824,0,145,12,301,16,0,1,0,0,0,0
825,4,99,10,344,16,0,0,0,0,0,0
826,1,246,16,55,5,1,1,1,0,1,0
827,4,137,9,19,16,0,1,0,0,0,0
828,4,177,16,186,3,1,0,1,0,1,0
829,0,173,16,42,11,1,1,1,0,1,0
830,1,42,13,173,16,0,0,1,1,0,0
831,5,325,4,42,16,0,0,0,1,0,0
832,0,177,21,335,19,1,1,1,0,1,0
833,5,58,16,325,3,1,1,0,0,1,0
834,7,173,16,335,12,1,1,0,0,1,0
835,5,2,16,42,13,1,0,1,1,0,0
836,7,335,4,58,16,0,0,1,1,0,0
837,5,177,9,173,16,0,1,1,1,0,0
838,3,374,9,16,16,0,0,1,0,0,0
839,7,114,12,47,16,0,1,1,1,0,0
840,0,47,10,114,16,0,1,0,0,1,0
841,1,214,5,295,16,0,0,0,1,0,0
842,2,295,16,214,3,1,1,0,0,1,0
843,2,3,10,103,16,0,0,0,0,0,0
844,0,97,16,353,5,1,1,0,0,0,0
845,2,97,16,353,2,1,1,0,0,0,0
846,0,280,12,85,16,0,1,0,0,0,0
847,4,85,13,280,16,0,1,0,0,0,0
848,0,237,8,276,16,0,0,0,0,0,0
849,4,276,21,237,16,1,1,0,0,0,0
850,7,336,16,360,13,1,0,0,0,1,0
851,0,149,16,164,11,1,1,1,0,0,0
852,1,164,9,149,16,0,0,1,0,0,0
853,0,329,6,141,16,0,0,0,0,0,0
854,4,329,5,141,16,0,0,1,0,0,0
855,3,202,16,286,9,1,1,1,0,1,0
856,0,202,16,286,12,1,1,0,0,1,0
857,2,286,16,202,13,1,0,1,1,0,0
858,4,348,16,336,9,1,1,1,1,0,0
859,7,47,16,106,13,1,0,1,0,1,0
860,1,106,5,47,16,0,0,1,1,0,0
861,4,220,10,196,16,0,1,1,1,0,0
862,1,196,16,220,9,1,1,0,0,1,0
863,7,29,10,79,16,0,0,0,0,0,0
864,4,79,16,29,14,1,1,0,0,0,0
865,3,29,11,79,16,0,0,1,0,0,0
866,2,286,16,360,13,1,1,0,1,0,0
867,0,76,16,221,4,1,0,1,0,1,0
868,2,76,16,221,6,1,1,0,0,1,0
869,1,295,13,286,16,0,1,1,0,1,0
870,0,131,16,66,10,1,0,1,0,0,0
871,2,66,9,131,16,0,0,1,0,0,0
872,4,106,6,336,16,0,0,0,0,1,0
873,5,336,16,106,6,1,1,0,1,0,0
874,3,336,12,106,16,0,1,0,1,0,0
875,5,360,9,47,16,0,0,1,1,0,0
876,1,47,16,360,10,1,1,0,0,1,0
877,7,348,16,314,13,1,1,0,1,0,0
878,5,348,16,314,14,1,1,0,1,0,0
879,3,202,16,133,4,1,0,1,0,1,0
880,5,202,16,133,13,1,1,0,0,1,0
881,1,95,4,89,16,0,1,1,0,0,0
882,4,89,16,95,11,1,1,0,0,0,0
883,0,89,5,95,16,0,1,0,0,0,0
884,2,325,10,173,16,0,0,1,1,0,0
885,0,173,16,325,7,1,1,0,0,1,0
886,2,2,16,61,10,1,1,1,1,0,0
887,0,2,14,173,16,0,1,1,1,0,0
888,5,58,16,177,7,1,1,0,0,1,0
889,7,108,3,42,16,0,0,0,1,0,0
890,1,42,16,108,1,1,1,0,0,1,0
891,0,335,2,173,16,0,0,1,1,0,0
892,0,186,15,325,19,0,0,0,0,0,0
893,2,173,17,58,19,0,1,1,0,1,0
894,7,325,3,177,16,0,1,0,1,0,0
895,4,202,10,87,16,0,1,1,0,1,0
896,2,47,9,76,16,0,1,1,0,1,0
897,0,76,11,47,16,0,1,0,1,0,0
898,0,348,5,87,16,0,1,1,0,1,0
899,0,154,11,374,16,0,1,0,0,0,0
900,2,286,13,202,16,0,1,0,1,0,0
901,0,23,10,212,16,0,1,0,0,0,0
902,1,212,16,23,13,1,1,0,0,0,0
903,4,23,16,212,4,1,0,1,0,0,0
904,5,252,11,70,16,0,0,0,0,0,0
905,1,70,16,252,6,1,1,0,0,0,0
906,7,87,13,196,16,0,1,1,1,0,0
907,4,149,16,30,3,1,1,0,0,0,0
908,1,30,12,149,16,0,0,1,0,0,0
909,5,295,5,286,16,0,0,0,0,1,0
910,0,133,16,348,14,1,0,0,1,0,0
911,3,360,17,76,19,0,0,0,1,0,0
912,5,76,9,360,16,0,1,0,0,1,0
913,5,295,16,196,13,1,0,1,0,1,0
914,2,312,8,236,16,0,1,1,0,0,0
915,4,236,2,312,16,0,1,0,0,0,0
916,5,312,17,236,19,0,1,0,0,0,0
917,1,133,16,87,14,1,1,0,1,0,0
918,0,214,16,196,6,1,0,0,1,0,0
919,4,47,5,106,16,0,1,1,0,1,0
920,7,106,16,47,5,1,1,0,1,0,0
921,5,106,21,47,25,0,1,0,1,0,0
922,7,314,7,252,16,0,0,0,0,1,0
923,3,314,16,252,14,1,0,1,0,1,0
924,1,252,16,314,11,1,0,1,1,0,0
925,5,286,16,373,8,1,1,1,0,1,0
926,0,286,16,373,7,1,1,0,0,1,0
927,1,295,15,360,19,0,1,1,0,1,0
928,5,360,16,295,12,1,1,0,1,0,0
929,1,204,16,220,13,1,1,0,0,0,0
930,0,204,10,220,16,0,1,0,0,0,0
931,4,220,16,204,5,1,1,0,0,0,0
932,5,88,16,325,2,1,1,0,0,0,0
933,0,325,9,88,16,0,0,1,0,0,0
934,1,335,10,177,16,0,0,1,1,0,0
935,0,42,16,186,11,1,1,0,0,1,0
936,7,335,16,325,0,1,0,0,0,0,0
937,5,173,16,325,6,1,0,0,0,1,0
938,4,177,16,61,11,1,1,0,1,0,0
939,2,343,6,58,16,0,0,1,1,0,0
940,2,343,16,325,5,1,0,0,0,0,0
941,7,88,16,59,4,1,1,0,0,0,0
942,3,356,16,3,5,1,1,0,0,0,0
943,4,133,14,360,16,0,1,1,1,0,0
944,1,360,14,133,16,0,1,0,0,1,0
945,2,286,16,348,3,1,1,0,1,0,0
946,2,114,10,87,16,0,1,0,0,1,0
947,4,104,8,16,16,0,0,1,0,0,0
948,2,280,6,97,16,0,1,1,0,0,0
949,1,280,9,97,16,0,0,1,0,0,0
950,4,237,16,353,7,1,0,0,0,0,0
951,5,237,16,353,8,1,1,0,0,0,0
952,4,295,8,360,16,0,0,0,0,1,0
953,7,252,16,364,9,1,1,0,0,0,0
954,4,364,12,252,16,0,0,1,0,0,0
955,5,295,2,348,16,0,0,0,0,1,0
956,0,220,12,172,16,0,1,0,0,0,0
957,1,220,14,172,16,0,0,1,0,0,0
958,2,130,14,202,16,0,0,1,1,0,0
959,0,130,12,202,16,0,0,1,1,0,0
960,2,114,19,286,21,0,0,1,0,1,0
961,2,276,7,85,16,0,1,0,0,0,0
962,4,85,9,276,16,0,1,0,0,0,0
963,5,76,10,196,16,0,0,0,0,1,0
964,2,76,16,196,8,1,0,1,0,1,0
965,7,196,16,76,5,1,0,1,1,0,0
966,0,295,16,360,10,1,0,1,0,1,0
967,7,348,3,87,16,0,1,1,0,1,0
968,0,214,5,47,16,0,1,1,1,0,0
969,4,47,10,214,16,0,1,0,0,1,0
970,5,172,16,312,12,1,1,0,0,0,0
971,3,196,19,336,22,0,1,0,1,0,0
972,4,295,16,87,11,1,1,1,0,1,0
973,2,76,16,214,3,1,0,1,0,1,0
974,0,76,16,214,11,1,1,0,0,1,0
975,5,314,12,70,16,0,0,1,0,1,0
976,3,314,16,70,14,1,0,1,0,1,0
977,1,314,14,70,16,0,1,0,0,1,0
978,4,172,5,220,16,0,1,0,0,0,0
979,5,172,11,220,16,0,0,1,0,0,0
980,5,296,4,286,16,0,0,1,1,0,0
981,0,286,19,296,15,1,1,0,0,1,0
982,4,133,16,212,14,1,1,0,0,0,0
983,2,133,5,212,16,0,1,0,0,0,0
984,1,212,13,133,16,0,1,0,0,0,0
985,4,312,16,204,5,1,0,0,0,0,0
986,0,106,19,380,16,1,0,0,0,1,0
987,3,106,16,380,4,1,1,0,0,1,0
988,3,103,8,40,16,0,1,0,0,0,0
989,0,312,8,172,16,0,1,0,0,0,0
990,3,172,16,312,7,1,1,0,0,0,0
991,4,133,14,70,16,0,1,1,0,0,0
992,1,70,12,133,16,0,1,0,0,0,0
993,0,76,14,212,16,0,1,0,0,1,0
994,7,76,11,212,16,0,0,1,0,1,0
995,1,204,23,220,26,0,0,1,0,0,0
996,0,220,8,204,16,0,1,0,0,0,0
997,4,220,16,204,13,1,0,1,0,0,0
998,2,177,14,173,16,0,1,1,1,0,0
999,5,177,13,173,16,0,0,1,1,0,0
1000,0,89,17,92,19,0,0,1,0,0,0
1001,1,89,12,92,16,0,0,1,0,0,0
1002,1,23,9,70,16,0,1,0,0,0,0
1003,4,23,7,70,16,0,0,1,0,0,0
1004,4,225,14,111,16,0,0,0,0,0,0
1005,1,225,4,111,16,0,0,1,0,0,0
1006,2,225,8,111,16,0,0,1,0,0,0
1007,7,111,9,225,16,0,1,0,0,0,0
1008,4,111,16,251,11,1,0,0,0,0,0
1009,1,251,16,111,19,0,0,1,0,0,0
1010,2,225,16,278,10,1,1,0,0,0,0
1011,7,278,7,225,16,0,0,1,0,0,0
1012,1,225,14,278,16,0,1,0,0,0,0
1013,0,111,16,127,7,1,1,0,0,0,0
1014,1,127,2,111,16,0,0,1,0,0,0
1015,4,251,16,207,10,1,0,0,0,0,0
1016,2,251,10,207,16,0,1,0,0,0,0
1017,5,207,16,251,19,0,1,0,0,0,0
1018,3,252,14,336,16,0,1,1,1,0,0
1019,5,336,16,252,13,1,1,0,0,1,0
1020,4,336,16,252,14,1,1,0,0,1,0
1021,1,278,16,52,11,1,1,0,0,0,0
1022,3,52,17,278,19,0,0,1,0,0,0
1023,2,225,16,160,12,1,0,0,0,0,0
1024,7,160,7,225,16,0,0,1,0,0,0
1025,0,177,16,123,14,1,0,1,0,1,0
1026,1,177,16,123,5,1,1,0,0,1,0
1027,1,296,16,79,2,1,0,1,0,0,0
1028,7,296,13,79,16,0,1,0,0,0,0
1029,0,296,16,79,12,1,0,1,0,0,0
1030,2,105,16,278,5,1,0,1,0,0,0
1031,0,85,14,97,16,0,0,1,0,0,0
1032,2,97,16,85,7,1,1,0,0,0,0
1033,4,72,5,278,16,0,0,0,0,0,0
1034,2,32,12,207,16,0,0,0,0,0,0
1035,3,207,16,32,19,0,1,0,0,0,0
1036,4,32,16,207,19,0,1,0,0,0,0
1037,2,111,16,198,14,1,1,0,0,0,0
1038,3,198,6,111,16,0,0,1,0,0,0
1039,2,242,13,79,16,0,0,0,0,0,0
1040,5,242,16,79,11,1,0,1,0,0,0
1041,4,79,16,242,10,1,0,1,0,0,0
1042,3,207,6,278,16,0,1,1,0,0,0
1043,2,207,10,52,16,0,0,0,0,0,0
1044,2,296,16,92,3,1,1,1,0,0,0
1045,1,92,9,296,16,0,0,1,0,0,0
1046,7,296,8,92,16,0,1,0,0,0,0
1047,1,225,19,111,16,1,1,1,0,0,0
1048,2,32,16,261,6,1,0,0,0,0,0
1049,0,304,8,198,16,0,0,0,0,0,0
1050,7,32,9,52,16,0,1,1,0,0,0
1051,0,225,16,198,11,1,1,1,0,0,0
1052,2,261,3,207,16,0,0,0,0,0,0
1053,2,111,16,304,4,1,0,0,0,0,0
1054,2,108,1,173,16,0,0,1,1,0,0
1055,1,173,16,108,4,1,1,0,0,1,0
1056,4,237,14,280,16,0,1,0,0,0,0
1057,0,237,21,280,18,1,0,1,0,0,0
1058,2,353,12,276,16,0,0,1,0,0,0
1059,4,276,16,353,8,1,1,0,0,0,0
1060,4,242,12,212,16,0,0,1,0,0,0
1061,1,242,11,212,16,0,0,1,0,0,0
1062,4,327,12,296,16,0,0,0,0,0,0
1063,0,149,12,133,16,0,1,1,0,0,0
1064,1,149,16,133,9,1,0,1,0,0,0
1065,2,139,4,278,16,0,0,1,0,0,0
1066,4,278,16,139,2,1,1,0,0,0,0
1067,4,327,14,242,16,0,0,0,0,0,0
1068,0,349,16,213,3,1,0,0,0,0,0
1069,7,349,16,213,7,1,1,0,0,0,0
1070,0,296,16,95,3,1,1,1,0,0,0
1071,2,286,16,336,3,1,1,1,1,0,0
1072,4,251,16,160,2,1,1,0,0,0,0
1073,1,251,16,160,10,1,1,0,0,0,0
1074,1,242,16,296,10,1,1,1,0,0,0
1075,0,127,16,278,13,1,0,1,0,0,0
1076,4,327,16,95,7,1,0,0,0,0,0
1077,5,251,16,299,4,1,1,0,0,0,0
1078,3,251,16,299,3,1,1,0,0,0,0
1079,4,259,9,139,16,0,0,0,0,0,0
1080,2,139,6,127,16,0,1,1,0,0,0
1081,2,299,10,160,16,0,0,0,0,0,0
1082,4,299,14,160,16,0,0,1,0,0,0
1083,3,278,16,259,7,1,0,0,0,0,0
1084,1,88,16,108,11,1,1,0,0,0,0
1085,4,173,16,59,7,1,1,0,0,1,0
1086,0,173,16,59,8,1,1,0,0,1,0
1087,1,186,16,88,5,1,0,1,0,0,0
1088,5,173,16,108,2,1,1,0,0,1,0
1089,1,173,16,186,4,1,1,1,0,1,0
1090,4,71,16,59,6,1,1,0,0,0,0
1091,2,59,16,71,11,1,0,1,0,0,0
1092,3,295,13,229,16,0,1,0,0,1,0
1093,1,229,5,295,16,0,1,0,1,0,0
1094,1,252,10,348,16,0,0,0,1,0,0
1095,0,29,9,79,16,0,0,1,0,0,0
1096,7,133,12,336,16,0,0,0,1,0,0
1097,0,97,16,237,9,1,1,1,0,0,0
1098,1,97,16,237,1,1,1,0,0,0,0
1099,4,150,13,349,16,0,1,1,0,0,0
1100,2,150,7,349,16,0,0,1,0,0,0
1101,3,29,10,92,16,0,0,1,0,0,0
1102,7,295,16,114,12,1,1,0,0,1,0
1103,2,114,13,295,16,0,0,1,1,0,0
1104,4,57,8,79,16,0,1,1,0,0,0
1105,4,381,12,213,16,0,1,0,0,0,0
1106,0,381,5,213,16,0,0,1,0,0,0
1107,7,92,16,57,2,1,1,0,0,0,0
1108,2,114,12,133,16,0,0,0,0,1,0
1109,5,133,16,114,19,0,1,0,1,0,0
1110,0,29,16,79,8,1,0,1,0,0,0
1111,7,88,16,108,5,1,0,0,0,0,0
1112,4,71,16,173,12,1,0,1,1,0,0
1113,0,173,16,71,6,1,0,1,0,1,0
1114,3,88,16,186,7,1,1,0,0,0,0
1115,5,186,11,173,16,0,0,1,1,0,0
1116,1,2,16,108,8,1,0,0,0,0,0
1117,7,108,19,2,15,1,0,1,0,0,0
1118,1,202,2,133,16,0,1,0,0,1,0
1119,1,336,19,360,15,1,1,0,0,1,0
1120,4,237,14,85,16,0,0,0,0,0,0
1121,0,85,13,237,16,0,1,0,0,0,0
1122,4,212,16,175,5,1,1,1,0,0,0
1123,7,212,16,175,8,1,1,0,0,0,0
1124,2,212,5,175,16,0,1,0,0,0,0
1125,7,47,2,252,16,0,0,0,0,1,0
1126,5,47,11,252,16,0,0,1,0,1,0
1127,1,295,16,202,21,0,1,0,0,1,0
1128,7,130,14,149,16,0,0,1,0,0,0
1129,4,149,16,130,1,1,1,0,0,0,0
1130,1,280,16,353,8,1,0,0,0,0,0
1131,4,353,8,280,16,0,0,1,0,0,0
1132,7,114,13,87,16,0,1,0,0,1,0
1133,1,202,10,286,16,0,1,1,0,1,0
1134,1,133,16,106,7,1,1,1,1,0,0
1135,0,106,13,133,16,0,0,1,0,1,0
1136,1,97,16,276,1,1,1,1,0,0,0
1137,2,97,16,276,7,1,1,0,0,0,0
1138,4,149,16,327,8,1,1,1,0,0,0
1139,1,202,14,348,16,0,0,1,0,1,0
1140,5,286,16,295,5,1,1,0,1,0,0
1141,3,29,9,296,16,0,1,0,0,0,0
1142,7,29,8,296,16,0,0,1,0,0,0
1143,7,252,10,76,16,0,1,0,1,0,0
1144,3,76,16,252,6,1,1,0,0,1,0
1145,1,214,12,314,16,0,0,0,1,0,0
1146,3,314,16,214,4,1,1,0,0,1,0
1147,7,348,13,295,16,0,1,0,1,0,0
1148,5,286,16,133,5,1,1,1,0,1,0
1149,7,212,16,47,3,1,0,0,1,0,0
1150,1,212,16,47,4,1,1,0,1,0,0
1151,3,114,16,336,7,1,0,1,1,0,0
1152,7,336,16,114,12,1,0,1,0,1,0
1153,0,327,14,130,16,0,0,0,0,0,0
1154,4,130,16,327,13,1,1,0,0,0,0
1155,2,108,4,177,16,0,1,1,1,0,0
1156,1,177,16,108,9,1,1,0,0,1,0
1157,2,335,14,298,16,0,1,0,0,0,0
1158,5,298,16,335,8,1,1,0,0,0,0
1159,1,123,16,343,14,1,0,1,0,0,0
1160,0,343,1,123,16,0,0,1,0,0,0
1161,7,325,5,42,16,0,0,1,1,0,0
1162,1,42,21,325,25,0,1,0,0,1,0
1163,3,164,16,96,10,1,0,0,0,0,0
1164,2,96,5,164,16,0,0,1,0,0,0
1165,5,106,16,76,13,1,0,1,1,0,0
1166,7,76,14,106,16,0,0,1,0,1,0
1167,0,262,3,149,16,0,0,1,0,0,0
1168,1,314,6,196,16,0,1,0,0,1,0
1169,2,314,16,196,19,0,0,1,0,1,0
1170,1,336,16,47,5,1,1,0,1,0,0
1171,4,47,6,336,16,0,0,1,0,1,0
1172,0,130,16,149,5,1,1,1,0,0,0
1173,4,130,16,149,13,1,1,0,0,0,0
1174,1,184,16,327,8,1,1,0,0,0,0
1175,0,327,8,184,16,0,0,1,0,0,0
1176,3,378,5,232,16,0,0,0,0,0,0
1177,0,232,16,378,11,1,1,0,0,0,0
1178,4,378,22,232,19,1,0,1,0,0,0
1179,0,76,16,204,12,1,0,0,0,1,0
1180,4,76,16,204,4,1,1,0,0,1,0
1181,0,133,16,214,9,1,0,0,0,0,0
1182,2,133,16,214,6,1,1,0,0,0,0
1183,4,133,14,214,16,0,1,0,0,0,0
1184,2,262,17,327,21,0,0,0,0,0,0
1185,4,327,16,262,8,1,1,0,0,0,0
1186,7,367,16,294,9,1,0,1,0,0,0
1187,4,294,6,367,16,0,0,1,0,0,0
1188,2,367,16,294,8,1,1,0,0,0,0
1189,0,294,16,367,6,1,0,1,0,0,0
1190,3,367,23,294,25,0,0,1,0,0,0
1191,4,325,16,108,11,1,1,0,0,0,0
1192,2,108,16,325,11,1,0,1,0,0,0
1193,4,88,10,61,16,0,1,0,1,0,0
1194,3,61,16,88,11,1,1,0,0,1,0
1195,3,325,13,177,16,0,0,1,1,0,0
1196,0,177,16,325,4,1,1,0,0,1,0
1197,0,325,7,61,16,0,0,1,1,0,0
1198,3,325,6,61,16,0,0,1,1,0,0
1199,3,327,5,212,16,0,1,1,0,0,0
1200,4,212,16,327,10,1,1,0,0,0,0
1201,4,184,12,106,16,0,1,1,1,0,0
1202,7,184,3,106,16,0,0,1,1,0,0
1203,2,76,6,295,16,0,1,1,0,1,0
1204,5,295,19,76,15,1,1,0,1,0,0
1205,1,149,16,327,11,1,0,0,0,0,0
1206,4,149,16,327,12,1,1,0,0,0,0
1207,4,373,16,46,14,1,0,0,0,0,0
1208,1,46,9,373,16,0,0,1,0,0,0
1209,0,373,14,46,16,0,1,0,0,0,0
1210,5,133,16,76,11,1,0,0,1,0,0
1211,2,76,16,133,14,1,0,1,0,1,0
1212,3,106,16,296,5,1,1,1,0,1,0
1213,2,296,10,106,16,0,0,1,1,0,0
1214,7,296,16,106,13,1,0,1,1,0,0
1215,2,367,19,181,15,1,0,0,0,0,0
1216,0,367,16,181,13,1,1,0,0,0,0
1217,5,318,12,286,16,0,0,1,1,0,0
1218,7,286,16,318,12,1,1,0,0,1,0
1219,7,213,5,93,16,0,1,0,0,0,0
1220,4,93,16,213,2,1,1,0,0,0,0
1221,4,99,16,19,8,1,0,1,0,0,0
1222,3,302,11,294,16,0,1,1,0,0,0
1223,0,294,22,302,20,1,1,0,0,0,0
1224,4,334,13,37,16,0,0,0,0,0,0
1225,3,334,8,37,16,0,0,1,0,0,0
1226,0,55,13,137,16,0,0,0,0,0,0
1227,2,348,12,318,16,0,0,0,0,1,0
1228,7,348,12,318,16,0,0,1,0,1,0
1229,2,344,16,246,14,1,1,1,1,0,0
1230,0,381,10,93,16,0,0,1,0,0,0
1231,4,93,11,381,16,0,1,0,0,0,0
1232,5,381,15,93,21,0,1,0,0,0,0
1233,3,227,12,91,16,0,0,1,0,0,0
1234,4,91,8,227,16,0,1,0,0,0,0
1235,7,91,16,227,14,1,0,1,0,0,0
1236,3,339,16,21,0,1,0,0,0,0,0
1237,4,21,16,339,5,1,0,1,0,0,0
1238,5,339,16,21,3,1,0,1,0,0,0
1239,4,214,16,47,5,1,1,0,1,0,0
1240,2,47,16,214,19,0,0,1,0,1,0
1241,7,286,16,318,14,1,1,1,0,1,0
1242,3,318,12,286,16,0,0,1,1,0,0
1243,7,76,16,89,3,1,1,0,0,1,0
1244,4,76,16,89,8,1,1,0,0,1,0
1245,3,21,10,334,16,0,0,0,0,0,0
1246,0,21,9,334,16,0,0,1,0,0,0
1247,2,1,14,8,16,0,0,0,0,0,0
1248,0,1,16,8,10,1,0,1,0,0,0
1249,4,8,25,1,23,1,0,1,0,0,0
1250,5,47,16,314,10,1,0,0,0,1,0
1251,1,47,7,314,16,0,1,0,0,1,0
1252,4,314,9,47,16,0,1,0,1,0,0
1253,0,372,7,213,16,0,0,0,0,0,0
1254,3,213,16,372,8,1,1,0,0,0,0
1255,0,19,16,246,8,1,0,0,1,0,0
1256,2,37,16,339,2,1,1,1,0,0,0
1257,4,339,9,37,16,0,0,1,0,0,0
1258,5,302,16,357,1,1,0,0,0,0,0
1259,1,357,13,302,16,0,0,1,0,0,0
1260,0,47,16,1,13,1,1,0,0,1,0
1261,4,47,16,1,5,1,1,0,0,1,0
1262,5,99,15,137,21,0,1,1,0,0,0
1263,5,173,7,348,16,0,1,0,0,1,0
1264,1,173,16,348,12,1,0,1,0,1,0
1265,0,348,16,173,9,1,0,1,1,0,0
1266,4,55,13,344,16,0,0,1,0,0,0
1267,1,8,3,314,16,0,1,0,1,0,0
1268,4,314,16,8,3,1,1,0,0,1,0
1269,0,67,8,239,16,0,0,0,0,0,0
1270,2,239,22,67,19,1,1,0,0,0,0
1271,5,79,2,204,16,0,0,0,0,0,0
1272,0,204,14,79,16,0,1,0,0,0,0
1273,4,79,11,204,16,0,1,0,0,0,0
1274,0,92,10,204,16,0,1,1,0,0,0
1275,1,92,6,204,16,0,0,1,0,0,0
1276,4,204,14,92,16,0,1,0,0,0,0
1277,4,76,13,252,16,0,1,0,0,1,0
1278,5,252,22,76,18,1,1,0,1,0,0
1279,3,252,10,76,16,0,1,0,1,0,0
1280,2,348,10,286,16,0,1,1,0,1,0
1281,3,286,16,348,14,1,1,0,1,0,0
1282,7,79,16,327,4,1,0,0,0,0,0
1283,4,79,16,327,19,0,1,0,0,0,0
1284,0,327,14,79,16,0,1,0,0,0,0
1285,1,294,16,142,3,1,1,1,0,0,0
1286,3,142,6,294,16,0,0,1,0,0,0
1287,4,173,9,318,16,0,0,0,0,1,0
1288,5,318,16,173,14,1,1,0,1,0,0
1289,4,59,13,58,16,0,1,1,1,0,0
1290,2,108,8,298,16,0,1,1,0,0,0
1291,1,108,16,298,8,1,0,1,0,0,0
1292,7,61,11,177,16,0,1,1,0,1,0
1293,7,58,16,177,6,1,1,1,0,1,0
1294,3,32,16,105,14,1,0,1,0,0,0
1295,2,32,2,105,16,0,1,0,0,0,0
1296,1,105,13,32,16,0,1,0,0,0,0
1297,0,92,6,204,16,0,1,0,0,0,0
1298,4,92,7,204,16,0,0,1,0,0,0
1299,1,204,9,92,16,0,1,0,0,0,0
1300,5,87,16,336,8,1,1,1,1,0,0
1301,4,280,16,276,10,1,1,0,0,0,0
1302,1,276,16,280,12,1,0,1,0,0,0
1303,0,29,12,79,16,0,0,1,0,0,0
1304,3,251,16,134,12,1,1,0,0,0,0
1305,5,134,7,251,16,0,0,1,0,0,0
1306,2,150,19,223,16,1,0,0,0,0,0
1307,0,150,6,223,16,0,1,0,0,0,0
1308,4,150,16,223,12,1,0,1,0,0,0
1309,2,85,16,353,0,1,0,0,0,0,0
1310,0,85,16,353,5,1,1,0,0,0,0
1311,0,92,16,29,6,1,1,0,0,0,0
1312,3,336,16,252,14,1,0,0,0,1,0
1313,1,46,16,214,8,1,1,1,0,0,0
1314,0,214,7,46,16,0,0,1,0,0,0
1315,4,214,19,46,17,1,0,1,0,0,0
1316,1,225,16,266,6,1,1,0,0,0,0
1317,4,225,9,266,16,0,1,0,0,0,0
1318,0,266,14,225,16,0,1,0,0,0,0
1319,7,252,10,87,16,0,0,1,1,0,0
1320,0,224,12,79,16,0,0,1,0,0,0
1321,5,330,11,381,16,0,0,0,0,0,0
1322,4,381,16,330,14,1,1,0,0,0,0
1323,0,202,11,133,16,0,0,0,0,1,0
1324,7,211,16,149,12,1,0,1,0,0,0
1325,1,149,16,211,19,0,0,1,0,0,0
1326,4,92,16,224,14,1,1,0,0,0,0
1327,5,47,16,229,12,1,1,0,0,1,0
1328,1,47,16,229,11,1,1,0,0,1,0
1329,1,252,12,214,16,0,0,1,0,0,0
1330,4,252,9,214,16,0,0,1,0,0,0
1331,2,111,16,136,10,1,1,0,0,0,0
1332,0,111,16,136,12,1,1,0,0,0,0
1333,0,17,16,18,2,1,0,0,0,0,0
1334,2,18,12,17,16,0,0,1,0,0,0
1335,0,79,13,29,16,0,1,0,0,0,0
1336,5,2,16,88,7,1,0,0,0,0,0
1337,1,108,16,325,9,1,1,0,0,0,0
1338,4,42,16,186,9,1,0,0,0,1,0
1339,0,186,14,42,16,0,0,1,1,0,0
1340,4,58,16,108,19,0,1,1,0,1,0
1341,2,325,1,58,16,0,0,0,1,0,0
1342,0,42,16,2,1,1,1,1,0,1,0
1343,1,2,8,42,16,0,0,1,1,0,0
1344,5,335,16,177,5,1,0,0,1,0,0
1345,5,295,9,133,16,0,1,1,0,1,0
1346,0,286,16,318,11,1,1,1,0,1,0
1347,1,336,16,295,5,1,1,0,0,1,0
1348,3,329,6,204,16,0,0,0,0,0,0
1349,0,106,16,47,13,1,0,1,1,0,0
1350,7,106,16,47,11,1,1,0,1,0,0
1351,1,133,12,87,16,0,1,1,1,0,0
1352,3,318,14,295,16,0,0,0,1,0,0
1353,3,278,16,153,6,1,1,0,0,0,0
1354,2,278,16,153,4,1,1,0,0,0,0
1355,0,172,16,214,13,1,1,1,0,0,0
1356,3,172,16,214,19,0,1,0,0,0,0
1357,4,172,19,214,16,1,0,1,0,0,0
1358,5,226,12,207,16,0,0,1,0,0,0
1359,0,226,21,207,25,0,0,1,0,0,0
1360,2,207,14,226,16,0,1,0,0,0,0
1361,4,221,16,81,9,1,0,0,0,0,0
1362,2,221,16,81,7,1,1,0,0,0,0
1363,5,204,6,327,16,0,1,0,0,0,0
1364,3,360,14,336,16,0,0,1,1,0,0
1365,1,360,14,336,16,0,0,1,1,0,0
1366,2,286,16,114,5,1,1,0,1,0,0
1367,4,87,19,318,16,1,1,0,1,0,0
1368,4,329,16,165,2,1,0,0,0,0,0
1369,2,348,10,318,16,0,0,0,0,1,0
1370,2,196,16,87,11,1,1,1,0,1,0
1371,0,175,14,252,16,0,1,0,0,0,0
1372,3,252,16,175,6,1,1,0,0,0,0
1373,7,47,16,184,8,1,0,0,0,1,0
1374,0,184,12,47,16,0,0,1,1,0,0
1375,4,327,16,165,1,1,1,0,0,0,0
1376,2,214,11,133,16,0,0,0,0,0,0
1377,4,133,13,214,16,0,1,0,0,0,0
1378,1,272,12,127,16,0,0,1,0,0,0
1379,2,272,14,127,16,0,0,1,0,0,0
1380,0,127,12,272,16,0,1,0,0,0,0
1381,4,329,2,204,16,0,1,0,0,0,0
1382,7,220,3,76,16,0,1,1,1,0,0
1383,4,220,7,76,16,0,0,1,1,0,0
1384,2,89,6,220,16,0,0,0,0,0,0
1385,0,220,10,89,16,0,1,0,0,0,0
1386,1,89,5,220,16,0,1,0,0,0,0
1387,5,220,5,76,16,0,1,1,1,0,0
1388,0,76,16,220,2,1,1,0,0,1,0
1389,0,59,7,325,16,0,0,0,0,0,0
1390,4,42,14,167,16,0,1,0,0,1,0
1391,4,2,6,186,16,0,0,0,0,0,0
1392,7,186,16,2,12,1,1,0,0,0,0
1393,1,61,17,335,19,0,0,1,0,1,0
1394,4,277,16,88,13,1,0,0,0,0,0
1395,4,2,17,335,19,0,0,1,0,0,0
1396,2,177,16,59,7,1,0,0,0,1,0
1397,4,177,16,59,10,1,1,0,0,1,0
1398,7,108,16,325,6,1,1,1,0,0,0
1399,1,42,16,5,6,1,0,0,0,1,0
1400,7,295,2,114,16,0,1,0,0,1,0
1401,4,362,1,204,16,0,0,1,0,0,0
1402,1,278,5,32,16,0,1,1,0,0,0
1403,4,251,5,266,16,0,1,0,0,0,0
1404,0,106,2,360,16,0,1,0,0,1,0
1405,3,360,16,106,13,1,1,0,1,0,0
1406,5,47,13,242,16,0,1,1,0,1,0
1407,4,47,8,242,16,0,0,1,0,1,0
1408,4,87,14,318,16,0,0,1,1,0,0
1409,1,295,16,252,9,1,0,1,0,1,0
1410,2,32,16,136,11,1,1,0,0,0,0
1411,2,118,2,362,16,0,0,0,0,0,0
1412,4,336,16,211,3,1,1,1,0,1,0
1413,2,336,16,211,3,1,1,0,0,1,0
1414,7,211,16,336,3,1,0,1,1,0,0
1415,2,133,2,202,16,0,0,0,1,0,0
1416,4,318,8,196,16,0,1,1,1,0,0
1417,2,136,16,34,4,1,0,0,0,0,0
1418,2,360,16,258,4,1,1,0,0,1,0
1419,0,258,2,360,16,0,0,1,1,0,0
1420,0,308,13,105,16,0,0,0,0,0,0
1421,4,214,16,224,8,1,1,0,0,0,0
1422,1,214,16,224,10,1,1,0,0,0,0
1423,4,149,22,81,19,1,0,0,0,0,0
1424,2,81,16,149,13,1,0,1,0,0,0
1425,0,53,16,221,10,1,0,1,0,0,0
1426,1,221,6,53,16,0,0,1,0,0,0
1427,2,202,12,286,16,0,1,1,0,1,0
1428,5,318,16,252,8,1,0,0,0,1,0
1429,0,34,16,207,12,1,0,0,0,0,0
1430,0,362,2,204,16,0,1,1,0,0,0
1431,4,362,5,204,16,0,0,1,0,0,0
1432,5,329,6,242,16,0,0,1,0,0,0
1433,4,242,16,329,2,1,1,0,0,0,0
1434,3,266,13,308,16,0,1,0,0,0,0
1435,7,114,16,202,13,1,1,0,0,1,0
1436,1,133,9,318,16,0,0,1,1,0,0
1437,0,136,8,207,16,0,1,0,0,0,0
1438,2,127,10,105,16,0,0,1,0,0,0
1439,2,127,16,308,7,1,0,1,0,0,0
1440,2,286,16,87,13,1,1,0,0,1,0
1441,0,286,16,87,9,1,1,0,0,1,0
1442,0,89,16,312,2,1,0,0,0,0,0
1443,4,312,16,89,19,0,0,1,0,0,0
1444,4,236,13,89,16,0,1,1,0,0,0
1445,1,89,16,236,13,1,1,0,0,0,0
1446,2,312,16,208,14,1,0,0,0,0,0
1447,4,312,16,208,7,1,1,0,0,0,0
1448,5,42,16,88,6,1,1,0,0,1,0
1449,7,88,3,42,16,0,0,1,1,0,0
1450,4,108,11,123,16,0,1,1,0,0,0
1451,2,177,16,61,10,1,1,0,1,0,0
1452,1,177,16,61,14,1,1,0,1,0,0
1453,2,76,16,89,12,1,1,1,0,1,0
1454,0,89,6,76,16,0,0,1,1,0,0
1455,4,116,9,307,16,0,0,0,0,0,0
1456,2,356,9,118,16,0,1,0,0,0,0
1457,4,127,14,251,16,0,1,0,0,0,0
1458,7,278,16,136,12,1,0,0,0,0,0
1459,4,314,9,242,16,0,1,1,0,1,0
1460,5,314,8,242,16,0,0,1,0,1,0
1461,0,360,16,229,12,1,1,0,0,1,0
1462,1,229,4,360,16,0,0,1,1,0,0
1463,4,57,8,346,16,0,0,0,0,0,0
1464,2,207,14,278,16,0,1,1,0,0,0
1465,0,26,16,288,11,1,0,0,0,0,0
1466,2,26,17,288,19,0,1,0,0,0,0
1467,1,230,3,164,16,0,1,1,0,0,0
1468,0,164,14,230,16,0,1,0,0,0,0
1469,3,164,16,230,6,1,0,1,0,0,0
1470,4,308,4,251,16,0,0,1,0,0,0
1471,0,362,16,118,5,1,0,1,0,0,0
1472,2,362,16,118,8,1,1,0,0,0,0
1473,3,328,6,141,16,0,0,1,0,0,0
1474,2,32,16,31,11,1,1,0,0,0,0
1475,2,360,4,114,16,0,1,1,0,1,0
1476,0,114,16,360,10,1,1,0,1,0,0
1477,1,34,6,32,16,0,1,1,0,0,0
1478,2,244,5,163,16,0,0,1,0,0,0
1479,1,244,13,163,16,0,0,1,0,0,0
1480,1,266,16,300,2,1,0,0,0,0,0
1481,4,89,19,208,16,1,0,0,0,0,0
1482,1,89,16,208,11,1,1,0,0,0,0
1483,0,34,15,31,15,0,0,0,0,0,0
1484,2,314,16,29,14,1,0,1,0,1,0
1485,0,314,11,29,16,0,1,0,0,1,0
1486,1,29,6,314,16,0,1,0,1,0,0
1487,4,204,16,356,8,1,1,0,0,0,0
1488,0,356,9,204,16,0,0,1,0,0,0
1489,1,356,16,204,11,1,0,1,0,0,0
1490,4,105,6,266,16,0,1,1,0,0,0
1491,4,300,3,105,16,0,0,0,0,0,0
1492,4,312,11,220,16,0,1,0,0,0,0
1493,0,220,16,312,13,1,1,0,0,0,0
1494,2,236,16,312,19,0,0,0,0,0,0
1495,4,312,16,236,14,1,1,0,0,0,0
1496,4,186,16,379,10,1,1,0,0,0,0
1497,3,108,14,88,16,0,0,0,0,0,0
1498,1,108,16,88,12,1,0,1,0,0,0
1499,0,123,16,186,13,1,1,1,0,0,0
1500,7,186,8,61,16,0,0,0,1,0,0
1501,0,61,16,186,10,1,1,0,0,1,0
1502,3,184,16,211,3,1,0,1,0,0,0
1503,4,184,5,211,16,0,1,0,0,0,0
1504,0,87,16,348,9,1,0,0,1,0,0
1505,3,87,13,348,16,0,1,0,1,0,0
1506,7,348,16,87,12,1,1,0,0,1,0
1507,4,348,6,87,16,0,1,0,0,1,0
1508,1,348,12,87,16,0,0,1,0,1,0
1509,5,133,13,314,16,0,0,1,1,0,0
1510,2,133,16,314,7,1,0,1,1,0,0
1511,1,314,16,133,11,1,0,1,0,1,0
1512,1,173,16,246,4,1,0,0,1,0,0
1513,0,246,7,173,16,0,0,1,0,1,0
1514,1,318,6,87,16,0,1,1,0,1,0
1515,0,87,16,318,7,1,1,0,1,0,0
1516,4,318,16,87,9,1,0,1,0,1,0
1517,3,318,12,87,16,0,1,0,0,1,0
1518,7,318,16,87,8,1,0,1,0,1,0
1519,5,106,16,46,13,1,0,0,0,1,0
1520,4,106,16,46,10,1,1,0,0,1,0
1521,3,137,12,336,16,0,1,0,1,0,0
1522,4,336,11,137,16,0,1,0,0,1,0
1523,7,336,16,137,12,1,0,1,0,1,0
1524,7,348,16,202,7,1,0,0,1,0,0
1525,3,202,19,348,17,1,0,1,0,1,0
1526,4,202,13,348,16,0,1,0,0,1,0
1527,1,348,16,202,1,1,1,0,1,0,0
1528,2,348,16,202,19,0,1,0,1,0,0
1529,5,265,12,314,16,0,0,1,1,0,0
1530,0,314,16,265,14,1,1,0,0,1,0
1531,1,295,16,133,7,1,1,0,0,1,0
1532,2,295,16,133,13,1,1,0,0,1,0
1533,5,133,16,295,8,1,0,1,1,0,0
1534,2,314,7,133,16,0,1,1,0,1,0
1535,1,314,11,133,16,0,0,1,0,1,0
1536,2,295,16,265,7,1,0,0,0,1,0
1537,3,295,16,265,8,1,1,0,0,1,0
1538,1,61,16,59,6,1,1,0,0,1,0
1539,3,59,4,61,16,0,0,1,1,0,0
1540,3,177,16,2,4,1,1,0,0,1,0
1541,0,177,16,343,7,1,1,0,0,1,0
1542,7,335,5,88,16,0,1,0,0,0,0
1543,0,325,10,246,16,0,0,0,1,0,0
1544,7,325,13,246,16,0,0,1,1,0,0
1545,4,309,16,125,10,1,0,0,0,0,0
1546,7,125,8,309,16,0,0,1,0,0,0
1547,7,296,10,79,16,0,1,0,0,0,0
1548,0,296,12,79,16,0,0,1,0,0,0
1549,4,296,16,79,4,1,0,1,0,0,0
1550,4,318,16,211,10,1,1,1,0,1,0
1551,1,318,6,211,16,0,1,0,0,1,0
1552,7,211,10,318,16,0,1,0,1,0,0
1553,3,76,16,252,2,1,1,0,0,1,0
1554,5,76,16,252,6,1,1,0,0,1,0
1555,0,79,16,92,10,1,0,1,0,0,0
1556,1,360,16,173,9,1,0,1,1,0,0
1557,0,360,16,173,10,1,1,0,1,0,0
1558,0,8,10,1,16,0,0,0,0,0,0
1559,7,1,16,8,6,1,1,0,0,0,0
1560,2,184,16,380,10,1,0,0,0,0,0
1561,4,184,19,380,16,1,1,0,0,0,0
1562,7,286,16,318,3,1,1,1,0,1,0
1563,5,286,16,318,11,1,1,0,0,1,0
1564,1,92,13,296,16,0,0,1,0,0,0
1565,0,92,14,296,16,0,0,1,0,0,0
1566,0,246,13,173,16,0,1,0,0,1,0
1567,5,246,5,173,16,0,0,1,0,1,0
1568,1,246,16,173,14,1,0,1,0,1,0
1569,1,325,11,360,16,0,0,1,1,0,0
1570,2,325,17,360,19,0,0,1,1,0,0
1571,1,177,16,335,1,1,1,0,0,1,0
1572,2,335,5,177,16,0,0,1,1,0,0
1573,2,343,16,2,5,1,0,0,0,0,0
1574,4,123,15,108,19,0,1,1,0,0,0
1575,7,335,16,190,3,1,0,0,0,0,0
1576,4,186,16,59,13,1,0,0,0,0,0
1577,2,186,16,59,13,1,1,0,0,0,0
1578,2,46,16,47,1,1,0,0,1,0,0
1579,4,46,16,47,14,1,1,0,1,0,0
1580,2,258,6,114,16,0,0,1,1,0,0
1581,0,114,16,258,8,1,1,0,0,1,0
1582,0,46,14,47,16,0,1,0,1,0,0
1583,7,76,16,327,4,1,1,1,0,1,0
1584,5,76,13,327,16,0,1,0,0,1,0
1585,4,79,16,329,11,1,1,0,0,0,0
1586,0,149,16,375,10,1,0,1,0,0,0
1587,7,149,16,375,3,1,1,0,0,0,0
1588,7,211,9,229,16,0,0,0,0,0,0
1589,3,211,5,229,16,0,0,1,0,0,0
1590,2,76,5,114,16,0,0,1,0,1,0
1591,7,76,4,114,16,0,0,1,0,1,0
1592,0,296,16,329,5,1,1,0,0,0,0
1593,1,329,1,296,16,0,0,1,0,0,0
1594,7,106,12,42,16,0,1,1,0,1,0
1595,0,106,14,42,16,0,0,1,0,1,0
1596,4,224,19,221,16,1,0,0,0,0,0
1597,2,224,10,221,16,0,1,0,0,0,0
1598,4,252,19,184,22,0,0,1,0,0,0
1599,7,184,16,252,2,1,1,0,0,0,0
1600,4,92,16,79,2,1,0,1,0,0,0
1601,1,92,16,79,13,1,1,0,0,0,0
1602,4,47,10,42,16,0,1,1,0,1,0
1603,5,47,11,42,16,0,0,1,0,1,0
1604,2,42,17,47,19,0,1,0,1,0,0
1605,4,106,16,46,12,1,0,0,0,1,0
1606,7,46,1,106,16,0,0,1,1,0,0
1607,3,59,16,2,11,1,0,0,0,0,0
1608,4,379,11,123,16,0,0,0,0,0,0
1609,4,186,22,108,20,1,1,1,0,0,0
1610,2,108,19,186,15,1,0,1,0,0,0
1611,3,61,16,167,4,1,1,1,0,1,0
1612,0,2,6,177,16,0,0,1,1,0,0
1613,3,59,16,108,3,1,1,1,0,0,0
1614,1,5,10,61,16,0,0,1,1,0,0
1615,5,161,16,51,12,1,0,0,0,0,0
1616,0,161,16,51,13,1,1,0,0,0,0
1617,4,230,14,161,16,0,0,1,0,0,0
1618,4,114,16,214,9,1,1,1,0,1,0
1619,0,214,16,114,11,1,0,1,1,0,0
1620,2,211,12,76,16,0,0,0,1,0,0
1621,4,76,16,211,3,1,1,0,0,1,0
1622,7,286,16,202,5,1,1,1,1,0,0
1623,5,8,12,314,16,0,0,0,1,0,0
1624,2,8,5,314,16,0,0,1,1,0,0
1625,2,238,14,137,16,0,0,0,0,0,0
1626,2,202,14,348,16,0,0,0,0,1,0
1627,4,137,16,238,8,1,1,0,0,0,0
1628,1,196,4,348,16,0,1,1,0,1,0
1629,3,76,16,258,11,1,1,0,0,1,0
1630,2,258,14,76,16,0,0,1,1,0,0
1631,0,79,10,309,16,0,0,1,0,0,0
1632,1,309,16,79,9,1,1,0,0,0,0
1633,1,230,4,51,16,0,0,0,0,0,0
1634,4,51,14,230,16,0,1,0,0,0,0
1635,0,51,16,230,1,1,0,1,0,0,0
1636,7,196,16,286,10,1,0,1,0,1,0
1637,3,53,16,81,13,1,1,1,0,0,0
1638,2,53,17,81,19,0,1,0,0,0,0
1639,0,336,6,58,16,0,1,1,0,1,0
1640,3,336,12,58,16,0,0,1,0,1,0
1641,5,252,16,327,13,1,0,1,0,0,0
1642,4,252,19,327,16,1,1,0,0,0,0
1643,4,214,16,329,2,1,1,0,0,0,0
1644,0,214,16,329,7,1,1,0,0,0,0
1645,3,336,16,137,12,1,0,1,0,1,0
1646,0,137,5,336,16,0,0,1,1,0,0
1647,1,27,10,19,16,0,0,1,0,0,0
1648,3,19,21,27,15,1,1,0,0,0,0
1649,0,58,16,238,8,1,1,0,0,1,0
1650,2,238,14,58,16,0,0,1,1,0,0
1651,3,55,16,62,1,1,0,0,0,0,0
1652,4,62,16,55,11,1,0,1,0,0,0
1653,0,55,16,62,12,1,0,1,0,0,0
1654,0,108,4,186,16,0,0,0,0,0,0
1655,0,88,5,298,16,0,1,0,0,0,0
1656,7,298,9,88,16,0,1,0,0,0,0
1657,2,108,16,379,3,1,0,0,0,0,0
1658,7,335,16,59,7,1,1,1,0,0,0
1659,0,298,16,177,8,1,0,1,1,0,0
1660,3,177,16,298,4,1,0,1,0,1,0
1661,4,307,16,346,12,1,1,1,0,0,0
1662,5,211,14,380,16,0,0,0,0,0,0
1663,2,211,16,380,10,1,0,1,0,0,0
1664,0,221,6,161,16,0,1,1,0,0,0
1665,3,214,15,258,19,0,1,0,0,0,0
1666,4,258,6,214,16,0,1,0,0,0,0
1667,4,57,16,116,10,1,0,0,0,0,0
1668,4,230,16,221,5,1,0,0,0,0,0
1669,0,221,10,230,16,0,0,1,0,0,0
1670,0,54,11,328,16,0,0,0,0,0,0
1671,2,51,16,161,1,1,1,1,0,0,0
1672,0,51,16,161,10,1,1,0,0,0,0
1673,4,161,16,51,14,1,0,1,0,0,0
1674,4,184,3,242,16,0,1,1,0,0,0
1675,3,242,16,184,8,1,1,0,0,0,0
1676,5,320,12,27,16,0,0,0,0,0,0
1677,1,320,8,27,16,0,0,1,0,0,0
1678,2,248,7,19,16,0,0,1,0,0,0
1679,4,248,10,19,16,0,0,1,0,0,0
1680,3,282,10,28,16,0,0,0,0,0,0
1681,0,282,19,28,21,0,0,1,0,0,0
1682,3,62,16,192,9,1,0,0,0,0,0
1683,0,192,7,62,16,0,0,1,0,0,0
1684,2,177,16,311,3,1,1,0,0,1,0
1685,7,59,10,335,16,0,0,1,0,0,0
1686,2,59,2,335,16,0,0,1,0,0,0
1687,5,106,16,229,7,1,1,1,0,1,0
1688,3,229,17,106,19,0,0,1,1,0,0
1689,3,286,13,87,16,0,0,0,0,1,0
1690,2,286,13,87,16,0,0,1,0,1,0
1691,1,211,16,106,13,1,1,1,1,0,0
1692,4,211,13,106,16,0,1,0,1,0,0
1693,1,314,16,229,9,1,1,0,0,1,0
1694,5,229,25,314,21,1,0,1,1,0,0
1695,1,46,9,87,16,0,0,1,1,0,0
1696,4,46,8,87,16,0,0,1,1,0,0
1697,2,218,3,227,16,0,0,0,0,0,0
1698,0,218,10,227,16,0,0,1,0,0,0
1699,5,336,14,286,16,0,1,0,0,1,0
1700,4,286,16,336,6,1,1,0,1,0,0
1701,4,343,16,42,13,1,1,0,1,0,0
1702,0,343,9,42,16,0,1,0,1,0,0
1703,2,343,16,42,13,1,0,1,1,0,0
1704,4,114,11,46,16,0,0,0,0,1,0
1705,1,252,13,46,16,0,1,1,0,0,0
1706,7,42,16,108,9,1,0,1,0,1,0
1707,4,42,16,108,2,1,1,0,0,1,0
1708,2,114,8,286,16,0,0,1,0,1,0
1709,2,327,16,380,13,1,0,0,0,0,0
1710,4,380,10,327,16,0,0,1,0,0,0
1711,3,114,16,252,13,1,0,0,0,1,0
1712,1,141,14,133,16,0,1,1,0,0,0
1713,4,133,16,141,4,1,1,0,0,0,0
1714,5,46,5,286,16,0,1,1,1,0,0
1715,4,83,2,336,16,0,0,0,1,0,0
1716,1,357,16,10,13,1,0,0,0,0,0
1717,2,246,11,83,16,0,1,0,0,1,0
1718,3,357,16,180,13,1,1,0,0,0,0
1719,4,336,6,87,16,0,1,1,0,1,0
1720,0,367,16,301,10,1,1,1,0,0,0
1721,1,246,13,336,16,0,0,0,0,1,0
1722,4,301,16,217,14,1,0,0,0,0,0
1723,3,83,2,87,16,0,1,1,1,0,0
1724,4,229,10,366,16,0,1,0,0,0,0
1725,0,366,19,229,16,1,1,0,0,0,0
1726,0,321,22,68,19,1,0,0,0,0,0
1727,2,68,4,321,16,0,0,1,0,0,0
1728,2,112,16,164,13,1,0,1,0,0,0
1729,5,164,13,112,16,0,0,1,0,0,0
1730,3,164,16,112,10,1,0,1,0,0,0
1731,0,244,16,358,12,1,0,0,0,0,0
1732,0,164,16,154,6,1,1,0,0,0,0
1733,2,164,16,154,6,1,1,0,0,0,0
1734,2,189,9,142,16,0,0,0,0,0,0
1735,8,220,10,199,16,0,1,0,0,0,0
1736,6,199,11,220,16,0,1,0,0,0,0
1737,2,355,8,189,16,0,1,0,0,0,0
1738,1,188,6,181,16,0,0,0,0,0,0
1739,2,188,16,67,14,1,0,0,0,0,0
1740,0,61,21,177,26,0,1,1,0,1,0
1741,3,177,8,61,16,0,1,0,1,0,0
1742,4,61,6,177,16,0,1,0,0,1,0
1743,2,194,17,186,19,0,0,1,0,0,0
1744,4,194,6,186,16,0,0,1,0,0,0
1745,5,42,16,59,1,1,1,0,0,1,0
1746,4,42,16,88,5,1,1,1,0,1,0
1747,1,2,13,173,16,0,0,0,1,0,0
1748,7,173,22,2,18,1,1,0,0,1,0
1749,3,2,16,335,7,1,0,1,0,0,0
1750,7,186,7,58,16,0,1,1,1,0,0
1751,3,58,16,59,8,1,1,0,0,1,0
1752,4,123,12,177,16,0,1,1,1,0,0
1753,0,123,19,177,21,0,0,1,1,0,0
1754,7,177,13,123,16,0,1,0,0,1,0
1755,2,34,2,278,16,0,0,1,0,0,0
1756,4,68,16,244,1,1,0,1,0,0,0
1757,1,244,16,68,11,1,0,1,0,0,0
1758,2,244,5,68,16,0,1,0,0,0,0
1759,7,348,16,286,9,1,1,1,0,1,0
1760,4,278,10,31,16,0,1,1,0,0,0
1761,4,112,13,314,16,0,0,0,1,0,0
1762,2,112,12,314,16,0,0,1,1,0,0
1763,1,112,16,314,10,1,0,1,1,0,0
1764,7,135,16,242,6,1,0,1,0,0,0
1765,4,242,4,135,16,0,0,1,0,0,0
1766,2,242,16,135,12,1,0,1,0,0,0
1767,0,79,16,236,14,1,0,0,0,0,0
1768,4,236,14,79,16,0,0,1,0,0,0
1769,4,105,13,251,16,0,1,1,0,0,0
1770,4,87,16,295,8,1,1,1,1,0,0
1771,4,207,16,31,6,1,0,1,0,0,0
1772,2,348,16,133,9,1,1,1,0,1,0
1773,4,251,3,300,16,0,1,0,0,0,0
1774,4,376,10,236,16,0,0,0,0,0,0
1775,0,207,16,32,12,1,1,1,0,0,0
1776,2,321,16,358,12,1,1,0,0,0,0
1777,3,358,12,321,16,0,0,1,0,0,0
1778,4,300,16,308,9,1,1,0,0,0,0
1779,0,202,16,348,13,1,0,1,0,1,0
1780,0,136,16,31,14,1,0,0,0,0,0
1781,7,112,16,164,3,1,1,1,0,0,0
1782,2,112,16,164,11,1,1,0,0,0,0
1783,0,112,11,164,16,0,1,0,0,0,0
1784,2,314,16,154,14,1,0,0,0,1,0
1785,7,154,5,314,16,0,0,1,1,0,0
1786,0,300,10,127,16,0,1,0,0,0,0
1787,0,79,16,236,8,1,1,1,0,0,0
1788,4,79,6,236,16,0,1,0,0,0,0
1789,2,79,16,236,8,1,0,1,0,0,0
1790,2,266,9,127,16,0,1,1,0,0,0
1791,1,2,8,311,16,0,1,0,0,0,0
1792,1,42,16,61,11,1,1,0,1,0,0
1793,1,59,14,335,16,0,0,0,0,0,0
1794,5,177,16,186,1,1,0,0,0,1,0
1795,2,177,16,186,13,1,1,0,0,1,0
1796,3,311,6,343,16,0,1,1,0,0,0
1797,1,59,16,61,9,1,0,0,1,0,0
1798,3,59,11,88,16,0,1,0,0,0,0
1799,4,335,13,186,16,0,1,0,0,0,0
1800,4,177,9,42,16,0,1,1,1,0,0
1801,0,42,8,177,16,0,1,0,0,1,0
1802,3,173,16,108,4,1,1,0,0,1,0
1803,0,36,4,61,16,0,0,0,1,0,0
1804,1,61,16,36,6,1,1,0,0,1,0
1805,2,244,16,284,14,1,0,0,0,0,0
1806,4,366,6,376,16,0,1,0,0,0,0
1807,0,225,10,72,16,0,1,0,0,0,0
1808,7,284,3,321,16,0,0,1,0,0,0
1809,4,198,16,134,13,1,0,0,0,0,0
1810,4,229,9,114,16,0,0,1,1,0,0
1811,0,114,16,229,14,1,1,0,0,1,0
1812,2,295,17,286,21,0,0,0,0,1,0
1813,3,252,11,360,16,0,0,1,1,0,0
1814,1,244,13,321,16,0,1,1,0,0,0
1815,1,111,16,198,10,1,1,1,0,0,0
1816,2,242,10,336,16,0,1,1,1,0,0
1817,0,242,13,336,16,0,0,1,1,0,0
1818,2,81,16,224,6,1,1,0,0,0,0
1819,4,224,16,81,5,1,0,1,0,0,0
1820,3,348,16,286,9,1,0,1,0,1,0
1821,1,360,16,133,11,1,1,0,0,1,0
1822,4,259,8,134,16,0,0,0,0,0,0
1823,0,236,16,376,13,1,0,1,0,0,0
1824,4,236,14,376,16,0,1,0,0,0,0
1825,2,236,19,376,15,1,0,1,0,0,0
1826,4,73,3,1,16,0,0,1,0,0,0
1827,0,1,19,73,17,1,1,0,0,0,0
1828,0,46,14,229,16,0,0,0,0,0,0
1829,4,229,11,46,16,0,1,0,0,0,0
1830,4,72,16,250,8,1,1,0,0,0,0
1831,3,348,16,114,12,1,1,1,1,0,0
1832,3,202,16,252,9,1,1,0,0,1,0
1833,4,284,16,163,13,1,0,1,0,0,0
1834,3,259,16,306,9,1,0,0,0,0,0
1835,0,153,16,250,14,1,0,0,0,0,0
1836,2,286,16,252,4,1,0,0,0,1,0
1837,7,87,16,295,7,1,1,0,1,0,0
1838,1,306,9,134,16,0,0,1,0,0,0
1839,3,76,16,89,10,1,1,1,0,1,0
1840,0,76,16,89,0,1,1,0,0,1,0
1841,1,89,25,76,23,1,0,1,1,0,0
1842,2,89,10,76,16,0,1,0,1,0,0
1843,2,153,3,226,16,0,1,1,0,0,0
1844,2,306,15,198,15,0,0,0,0,0,0
1845,0,366,8,79,16,0,0,1,0,0,0
1846,2,79,16,366,13,1,1,0,0,0,0
1847,4,366,16,79,8,1,0,1,0,0,0
1848,2,226,16,250,11,1,1,0,0,0,0
1849,3,343,16,186,4,1,1,1,0,0,0
1850,4,343,16,186,13,1,1,0,0,0,0
1851,0,343,14,186,16,0,1,0,0,0,0
1852,7,61,16,173,6,1,1,1,0,1,0
1853,3,42,16,186,6,1,0,1,0,1,0
1854,5,335,16,42,10,1,0,1,1,0,0
1855,0,88,14,335,16,0,1,1,0,0,0
1856,2,378,13,358,16,0,1,0,0,0,0
1857,5,172,16,79,11,1,1,0,0,0,0
1858,7,378,16,26,0,1,0,0,0,0,0
1859,2,111,16,134,12,1,1,1,0,0,0
1860,4,79,21,95,19,1,0,0,0,0,0
1861,3,295,16,106,8,1,0,1,1,0,0
1862,7,106,9,295,16,0,0,1,0,1,0
1863,0,68,16,358,10,1,1,1,0,0,0
1864,3,360,8,348,16,0,1,1,0,1,0
1865,3,286,12,87,16,0,1,1,0,1,0
1866,4,250,8,225,16,0,0,0,0,0,0
1867,4,26,4,68,16,0,0,1,0,0,0
1868,3,360,5,196,16,0,0,1,0,1,0
1869,2,236,16,16,12,1,1,1,0,0,0
1870,0,16,12,236,16,0,0,1,0,0,0
1871,7,375,16,53,7,1,0,0,0,0,0
1872,0,375,16,53,6,1,1,0,0,0,0
1873,0,114,21,133,17,1,0,0,0,1,0
1874,0,198,9,272,16,0,1,1,0,0,0
1875,1,329,6,218,16,0,0,0,0,0,0
1876,4,218,24,329,26,0,1,0,0,0,0
1877,0,218,16,329,12,1,0,1,0,0,0
1878,1,378,12,358,16,0,1,0,0,0,0
1879,5,125,8,47,16,0,0,1,1,0,0
1880,4,47,16,125,2,1,1,0,0,1,0
1881,0,252,11,196,16,0,0,1,1,0,0
1882,5,286,16,133,9,1,0,0,0,1,0
1883,7,172,16,79,9,1,1,1,0,0,0
1884,0,172,16,79,14,1,1,0,0,0,0
1885,3,198,15,259,15,0,0,1,0,0,0
1886,2,72,16,166,0,1,1,0,0,0,0
1887,0,214,16,221,5,1,1,0,0,0,0
1888,2,214,13,221,16,0,1,0,0,0,0
1889,1,295,8,348,16,0,1,1,0,1,0
1890,7,87,8,202,16,0,1,1,1,0,0
1891,3,372,7,95,16,0,0,0,0,0,0
1892,4,259,8,272,16,0,1,1,0,0,0
1893,0,220,7,76,16,0,1,1,1,0,0
1894,2,76,16,220,6,1,1,0,0,1,0
1895,0,72,8,153,16,0,1,0,0,0,0
1896,2,153,8,166,16,0,1,0,0,0,0
1897,5,335,10,173,16,0,1,0,1,0,0
1898,1,173,16,335,2,1,1,0,0,1,0
1899,3,61,16,88,2,1,1,0,0,1,0
1900,0,88,14,61,16,0,0,1,1,0,0
1901,4,264,16,282,14,1,0,0,0,0,0
1902,2,282,2,264,16,0,0,1,0,0,0
1903,0,5,16,167,8,1,0,0,0,0,0
1904,5,335,11,195,16,0,0,0,0,0,0
1905,2,195,16,335,14,1,1,0,0,0,0
1906,7,173,16,351,4,1,1,0,0,1,0
1907,0,351,6,173,16,0,0,1,1,0,0
1908,2,346,16,116,13,1,0,0,0,0,0
1909,3,259,7,111,16,0,0,1,0,0,0
1910,0,76,16,229,7,1,1,0,0,1,0
1911,5,229,8,76,16,0,0,1,1,0,0
1912,3,57,8,307,16,0,1,1,0,0,0
1913,3,272,5,111,16,0,1,1,0,0,0
1914,2,54,6,141,16,0,0,0,0,0,0
1915,4,153,16,225,10,1,0,1,0,0,0
1916,0,230,16,218,19,0,1,1,0,0,0
1917,1,306,10,111,16,0,0,1,0,0,0
1918,2,312,4,338,16,0,1,0,0,0,0
1919,4,312,16,338,9,1,0,1,0,0,0
1920,5,312,3,338,16,0,1,0,0,0,0
1921,7,79,21,372,17,1,0,0,0,0,0
1922,4,372,15,79,21,0,0,1,0,0,0
1923,2,214,16,360,12,1,0,0,1,0,0
1924,4,360,16,214,8,1,0,1,0,1,0
1925,0,166,10,225,16,0,1,0,0,0,0
1926,0,175,7,329,16,0,0,0,0,0,0
1927,0,72,16,226,3,1,0,1,0,0,0
1928,4,125,4,220,16,0,0,0,0,0,0
1929,2,272,5,134,16,0,0,0,0,0,0
1930,2,338,16,366,6,1,1,1,0,0,0
1931,7,338,16,366,13,1,1,0,0,0,0
1932,2,166,3,226,16,0,0,0,0,0,0
1933,2,76,16,236,4,1,1,1,0,1,0
1934,1,172,16,95,14,1,1,1,0,0,0
1935,0,172,16,95,12,1,1,0,0,0,0
1936,3,166,15,250,15,0,0,0,0,0,0
1937,4,173,16,177,11,1,1,1,0,1,0
1938,0,177,5,173,16,0,0,1,1,0,0
1939,3,173,20,177,22,0,1,0,0,1,0
1940,4,61,16,42,14,1,1,0,0,1,0
1941,1,42,13,61,16,0,0,1,1,0,0
1942,7,61,13,42,16,0,1,0,0,1,0
1943,5,42,14,173,16,0,1,0,1,0,0
1944,1,173,16,42,6,1,1,0,0,1,0
1945,2,208,16,227,13,1,0,1,0,0,0
1946,5,227,7,208,16,0,0,1,0,0,0
1947,2,79,14,338,16,0,1,1,0,0,0
1948,1,79,5,338,16,0,0,1,0,0,0
1949,4,338,11,79,16,0,1,0,0,0,0
1950,3,179,16,242,3,1,1,0,0,0,0
1951,1,242,16,179,13,1,0,1,0,0,0
1952,2,242,1,179,16,0,1,0,0,0,0
1953,3,61,21,177,25,0,0,1,0,1,0
1954,1,177,19,61,22,0,1,0,1,0,0
1955,7,61,14,177,16,0,1,0,0,1,0
1956,0,79,16,93,13,1,1,1,0,0,0
1957,4,93,13,79,16,0,0,1,0,0,0
1958,4,242,7,336,16,0,0,1,1,0,0
1959,2,336,16,242,13,1,1,0,0,1,0
1960,2,74,16,179,12,1,0,1,0,0,0
1961,0,74,16,179,5,1,1,0,0,0,0
1962,2,175,12,74,16,0,0,1,0,0,0
1963,5,74,16,175,11,1,1,0,0,0,0
1964,1,179,16,252,14,1,0,0,0,0,0
1965,2,179,16,252,14,1,1,0,0,0,0
1966,1,163,5,242,16,0,0,0,0,0,0
1967,2,242,16,163,10,1,1,0,0,0,0
1968,3,356,18,336,21,0,1,1,1,0,0
1969,5,356,9,336,16,0,0,1,1,0,0
1970,0,7,3,48,16,0,0,0,0,0,0
1971,3,7,14,48,16,0,0,1,0,0,0
1972,1,48,12,7,16,0,1,0,0,0,0
1973,0,271,13,242,16,0,1,1,0,0,0
1974,1,242,16,271,8,1,1,0,0,0,0
1975,0,175,16,381,5,1,0,1,0,0,0
1976,4,175,13,381,16,0,1,0,0,0,0
1977,2,381,7,175,16,0,1,0,0,0,0
1978,2,214,8,163,16,0,0,0,0,0,0
1979,3,163,16,214,1,1,1,0,0,0,0
1980,4,163,9,214,16,0,1,0,0,0,0
1981,1,356,26,327,20,1,0,1,0,0,0
1982,7,356,16,327,4,1,1,0,0,0,0
1983,0,213,8,74,16,0,1,1,0,0,0
1984,5,74,16,213,3,1,1,0,0,0,0
1985,4,336,16,9,12,1,1,0,0,1,0
1986,5,336,16,9,8,1,1,0,0,1,0
1987,5,203,10,252,16,0,0,0,0,0,0
1988,3,203,4,252,16,0,0,1,0,0,0
1989,3,296,12,179,16,0,1,1,0,0,0
1990,4,179,14,296,16,0,1,0,0,0,0
1991,0,296,14,179,16,0,1,0,0,0,0
1992,4,345,13,48,16,0,0,0,0,0,0
1993,2,48,16,345,10,1,1,0,0,0,0
1994,0,102,5,7,16,0,0,1,0,0,0
1995,3,7,16,102,13,1,1,0,0,0,0
1996,7,173,16,2,14,1,1,0,0,1,0
1997,0,2,6,173,16,0,0,1,1,0,0
1998,0,42,16,335,5,1,0,0,0,1,0
1999,1,42,16,335,11,1,1,0,0,1,0
2000,2,59,20,61,22,0,0,0,1,0,0
2001,1,61,16,59,6,1,1,0,0,1,0
2002,0,381,16,151,7,1,0,0,0,0,0
2003,1,177,16,195,8,1,1,1,0,1,0
2004,0,177,16,195,13,1,1,0,0,1,0
2005,5,195,16,177,8,1,0,1,1,0,0
2006,4,93,7,9,16,0,0,0,0,0,0
2007,1,342,3,271,16,0,0,0,0,0,0
2008,3,152,13,203,16,0,0,0,0,0,0
2009,0,213,16,149,0,1,0,1,0,0,0
2010,2,163,16,312,4,1,0,0,0,0,0
2011,4,380,11,179,16,0,0,1,0,0,0
2012,4,176,12,327,16,0,0,0,0,0,0
2013,4,142,5,265,16,0,1,0,0,0,0
2014,4,195,16,123,5,1,1,1,0,0,0
2015,2,123,8,195,16,0,0,1,0,0,0
2016,3,367,15,302,19,0,1,1,0,0,0
2017,4,318,16,286,14,1,0,1,1,0,0
2018,1,318,16,286,7,1,1,0,1,0,0
2019,2,286,16,318,3,1,0,1,0,1,0
2020,7,318,16,286,7,1,0,1,1,0,0
2021,5,286,16,318,13,1,0,1,0,1,0
2022,0,142,16,180,11,1,0,0,0,0,0
2023,2,265,16,38,9,1,1,0,0,0,0
2024,4,302,16,217,1,1,1,0,0,0,0
2025,0,188,2,367,16,0,1,0,0,0,0
2026,2,195,16,61,7,1,1,1,1,0,0
2027,4,195,7,61,16,0,1,0,1,0,0
2028,0,195,26,61,21,1,0,1,1,0,0
2029,3,195,16,186,9,1,1,0,0,0,0
2030,5,186,16,195,8,1,0,1,0,0,0
2031,2,195,16,186,12,1,0,1,0,0,0
2032,2,335,16,2,8,1,0,0,0,0,0
2033,7,335,16,2,13,1,1,0,0,0,0
2034,3,61,16,123,14,1,0,0,0,1,0
2035,1,123,1,61,16,0,0,1,1,0,0
2036,4,173,16,177,7,1,1,0,0,1,0
2037,0,177,8,173,16,0,0,1,1,0,0
2038,1,173,16,177,9,1,1,0,0,1,0
2039,5,177,21,173,19,1,0,1,1,0,0
2040,2,76,16,227,9,1,1,0,0,1,0
2041,0,76,16,227,10,1,1,0,0,1,0
2042,0,348,4,318,16,0,1,0,0,1,0
2043,7,318,16,348,5,1,1,0,1,0,0
2044,1,318,7,348,16,0,1,0,1,0,0
2045,4,234,16,10,7,1,0,0,0,0,0
2046,4,312,16,208,6,1,0,1,0,0,0
2047,0,208,3,312,16,0,0,1,0,0,0
2048,2,294,16,181,14,1,1,1,0,0,0
2049,2,10,16,189,1,1,0,1,0,0,0
2050,3,202,10,286,16,0,1,1,0,1,0
2051,4,286,16,202,8,1,1,0,1,0,0
2052,2,286,7,202,16,0,1,0,1,0,0
2053,2,208,8,76,16,0,0,1,1,0,0
2054,4,208,16,76,4,1,0,1,1,0,0
2055,5,76,16,208,8,1,0,1,0,1,0
2056,3,357,7,234,16,0,1,1,0,0,0
2057,0,181,16,317,4,1,0,0,0,0,0
2058,4,294,16,67,9,1,1,0,0,0,0
2059,3,348,16,295,13,1,1,0,1,0,0
2060,7,295,5,348,16,0,0,1,0,1,0
2061,3,87,7,202,16,0,0,1,1,0,0
2062,2,87,13,202,16,0,0,1,1,0,0
2063,2,335,16,186,11,1,1,0,0,0,0
2064,3,186,12,335,16,0,0,1,0,0,0
2065,5,42,13,173,16,0,1,0,1,0,0
2066,7,173,11,42,16,0,1,0,0,1,0
2067,4,42,14,173,16,0,1,0,1,0,0
2068,2,42,4,173,16,0,0,1,1,0,0
2069,0,42,16,173,14,1,0,1,1,0,0
2070,1,196,10,295,16,0,1,0,1,0,0
2071,1,338,10,252,16,0,0,1,0,0,0
2072,2,338,14,252,16,0,0,1,0,0,0
2073,3,336,16,214,7,1,1,1,0,1,0
2074,4,214,7,336,16,0,0,1,1,0,0
2075,4,338,16,79,9,1,0,1,0,0,0
2076,2,348,17,286,19,0,1,0,0,1,0
2077,3,106,16,214,7,1,0,0,0,1,0
2078,4,214,10,106,16,0,0,1,1,0,0
2079,2,202,19,58,16,1,1,1,1,0,0
2080,0,76,16,312,13,1,1,1,0,1,0
2081,2,76,12,312,16,0,1,0,0,1,0
2082,4,76,19,312,17,1,0,1,0,1,0
2083,0,87,7,318,16,0,0,0,1,0,0
2084,7,252,16,338,6,1,1,1,0,0,0
2085,5,252,16,338,14,1,1,0,0,0,0
2086,4,252,3,338,16,0,1,0,0,0,0
2087,5,196,10,286,16,0,0,1,0,1,0
2088,1,348,16,295,6,1,0,1,1,0,0
2089,4,202,7,318,16,0,1,1,0,1,0
2090,1,58,12,87,16,0,0,0,0,1,0
2091,5,88,8,177,16,0,0,1,1,0,0
2092,3,177,12,88,16,0,1,0,0,1,0
2093,5,177,16,42,4,1,0,1,1,0,0
2094,1,177,14,42,16,0,1,0,1,0,0
2095,4,42,14,177,16,0,1,0,0,1,0
2096,2,195,16,2,7,1,1,0,0,0,0
2097,4,2,22,195,18,1,0,1,0,0,0
2098,5,173,16,186,13,1,0,0,0,1,0
2099,0,186,10,173,16,0,0,1,1,0,0
2100,3,252,10,106,16,0,0,1,1,0,0
2101,5,252,10,106,16,0,0,1,1,0,0
2102,4,152,11,79,16,0,0,0,0,0,0
2103,2,149,16,53,2,1,0,0,0,0,0
2104,0,53,7,149,16,0,0,1,0,0,0
2105,4,227,8,312,16,0,0,0,0,0,0
2106,0,227,6,312,16,0,0,1,0,0,0
2107,5,336,16,133,3,1,1,0,0,1,0
2108,1,133,16,336,10,1,0,1,1,0,0
2109,4,380,15,229,19,0,0,0,0,0,0
2110,1,229,16,380,7,1,1,0,0,0,0
2111,2,1,10,8,16,0,1,0,0,0,0
2112,4,8,10,1,16,0,1,0,0,0,0
2113,0,1,9,8,16,0,1,0,0,0,0
2114,2,79,8,338,16,0,1,1,0,0,0
2115,4,338,16,79,3,1,1,0,0,0,0
2116,0,214,9,361,16,0,0,0,0,0,0
2117,5,214,16,361,12,1,0,1,0,0,0
2118,5,229,12,327,16,0,1,1,0,0,0
2119,0,327,10,229,16,0,1,0,0,0,0
2120,7,252,16,152,9,1,0,0,0,0,0
2121,1,152,12,252,16,0,0,1,0,0,0
2122,5,42,16,173,14,1,0,1,1,0,0
2123,1,173,4,42,16,0,0,1,0,1,0
2124,4,196,11,155,16,0,0,0,0,1,0
2125,1,42,16,194,10,1,1,0,0,1,0
2126,2,42,12,194,16,0,1,0,0,1,0
2127,5,196,19,295,15,1,0,0,1,0,0
2128,7,186,11,177,16,0,0,1,1,0,0
2129,2,177,16,186,4,1,1,0,0,1,0
2130,0,176,12,366,16,0,0,0,0,0,0
2131,4,196,22,318,18,1,1,1,0,1,0
2132,4,327,14,176,16,0,0,0,0,0,0
2133,3,16,8,242,16,0,0,1,0,0,0
2134,1,242,16,16,14,1,1,0,0,0,0
2135,5,125,16,79,11,1,0,0,0,0,0
2136,4,125,9,79,16,0,1,0,0,0,0
2137,3,125,16,79,13,1,0,1,0,0,0
2138,7,133,14,74,16,0,1,1,0,0,0
2139,5,74,9,133,16,0,1,0,0,0,0
2140,4,155,16,295,5,1,1,0,1,0,0
2141,2,155,11,295,16,0,1,0,1,0,0
2142,7,155,16,295,13,1,0,1,1,0,0
2143,4,366,16,327,10,1,1,0,0,0,0
2144,7,327,21,366,18,1,0,1,0,0,0
2145,2,366,16,327,13,1,0,1,0,0,0
2146,0,221,16,375,11,1,1,1,0,0,0
2147,0,176,21,149,17,1,1,1,0,0,0
2148,1,196,16,360,13,1,1,1,1,0,0
2149,5,76,8,318,16,0,1,0,0,1,0
2150,0,76,16,187,4,1,0,0,0,1,0
2151,2,360,16,48,6,1,0,1,0,1,0
2152,2,108,5,61,16,0,0,1,1,0,0
2153,0,108,9,61,16,0,0,1,1,0,0
2154,3,318,8,295,16,0,1,0,1,0,0
2155,7,318,10,295,16,0,0,1,1,0,0
2156,5,295,15,318,19,0,1,0,0,1,0
2157,3,57,16,54,4,1,0,0,0,0,0
2158,2,347,10,346,16,0,0,1,0,0,0
2159,5,338,3,252,16,0,1,1,0,0,0
2160,1,252,16,338,10,1,1,0,0,0,0
2161,3,366,16,176,13,1,1,1,0,0,0
2162,0,176,9,366,16,0,0,1,0,0,0
2163,7,91,16,218,19,0,1,1,0,0,0
2164,4,218,16,91,4,1,1,0,0,0,0
2165,5,307,10,141,16,0,1,1,0,0,0
2166,3,196,11,155,16,0,1,1,0,1,0
2167,2,196,4,155,16,0,0,1,0,1,0
2168,4,196,16,155,5,1,0,1,0,1,0
2169,2,236,7,135,16,0,0,0,0,0,0
2170,4,236,10,135,16,0,0,1,0,0,0
2171,0,50,16,116,3,1,0,0,0,0,0
2172,4,312,14,227,16,0,1,0,0,0,0
2173,0,227,16,312,8,1,1,0,0,0,0
2174,5,149,12,327,16,0,0,0,0,0,0
2175,4,149,16,327,13,1,0,1,0,0,0
2176,2,327,16,149,2,1,0,1,0,0,0
2177,1,295,16,360,9,1,0,1,0,1,0
2178,5,360,3,295,16,0,0,1,1,0,0
2179,2,48,3,318,16,0,0,1,1,0,0
2180,4,318,16,48,4,1,1,0,0,1,0
2181,2,196,16,187,5,1,1,0,0,1,0
2182,4,196,16,187,9,1,1,0,0,1,0
2183,1,42,16,177,1,1,0,1,0,1,0
2184,4,177,16,42,6,1,0,1,1,0,0
2185,5,42,16,177,6,1,0,1,0,1,0
2186,3,2,7,177,16,0,1,0,1,0,0
2187,5,2,6,177,16,0,0,1,1,0,0
2188,7,177,10,2,16,0,1,0,0,1,0
2189,2,123,3,2,16,0,0,1,0,0,0
2190,7,123,5,2,16,0,0,1,0,0,0
2191,3,2,14,123,16,0,1,0,0,0,0
2192,3,76,6,155,16,0,1,0,0,1,0
2193,2,76,12,155,16,0,0,1,0,1,0
2194,0,42,16,177,6,1,1,0,0,1,0
2195,7,177,16,42,1,1,0,1,1,0,0
2196,1,42,16,177,3,1,0,1,0,1,0
2197,2,5,10,123,16,0,1,1,0,0,0
2198,0,5,13,123,16,0,0,1,0,0,0
2199,1,123,7,5,16,0,1,0,0,0,0
2200,2,171,1,69,16,0,0,0,0,0,0
2201,0,69,5,171,16,0,1,0,0,0,0
2202,4,69,16,171,2,1,0,1,0,0,0
2203,4,46,16,356,5,1,1,1,0,0,0
2204,1,356,22,46,26,0,0,1,0,0,0
2205,2,186,7,2,16,0,0,0,0,0,0
2206,7,2,16,186,12,1,1,0,0,0,0
2207,3,131,14,91,16,0,1,0,0,0,0
2208,2,131,12,91,16,0,0,1,0,0,0
2209,4,91,13,131,16,0,1,0,0,0,0
2210,7,133,16,252,3,1,1,1,0,0,0
2211,0,133,16,252,4,1,1,0,0,0,0
2212,1,69,16,86,11,1,1,0,0,0,0
2213,2,86,9,69,16,0,0,1,0,0,0
2214,0,271,19,296,21,0,1,0,0,0,0
2215,4,336,16,179,12,1,0,1,0,1,0
2216,1,201,14,5,16,0,0,1,0,0,0
2217,0,201,16,5,13,1,0,1,0,0,0
2218,5,5,16,201,13,1,0,1,0,0,0
2219,0,88,8,186,16,0,1,0,0,0,0
2220,3,186,7,88,16,0,1,0,0,0,0
2221,2,88,13,186,16,0,1,0,0,0,0
2222,5,214,12,46,16,0,1,1,0,0,0
2223,0,46,11,214,16,0,1,0,0,0,0
2224,4,46,21,214,19,1,0,1,0,0,0
2225,2,175,3,133,16,0,1,1,0,0,0
2226,5,175,4,133,16,0,0,1,0,0,0
2227,0,271,16,176,12,1,0,0,0,0,0
2228,7,135,10,296,16,0,1,1,0,0,0
2229,4,310,12,171,16,0,0,0,0,0,0
2230,3,310,14,171,16,0,0,1,0,0,0
2231,1,74,18,252,21,0,0,0,0,0,0
2232,4,252,16,74,4,1,1,0,0,0,0
2233,1,356,16,242,13,1,0,1,0,0,0
2234,5,356,16,242,12,1,1,0,0,0,0
2235,5,326,3,336,16,0,0,1,1,0,0
2236,0,179,16,80,4,1,0,0,0,0,0
2237,3,265,11,234,16,0,1,1,0,0,0
2238,1,234,16,265,10,1,1,0,0,0,0
2239,4,265,16,302,5,1,0,1,0,0,0
2240,3,265,16,302,11,1,1,0,0,0,0
2241,3,296,14,214,16,0,1,0,0,0,0
2242,0,296,16,214,12,1,0,1,0,0,0
2243,1,214,16,296,10,1,0,1,0,0,0
2244,0,175,16,271,13,1,0,1,0,0,0
2245,1,271,16,175,11,1,0,1,0,0,0
2246,2,271,12,175,16,0,1,0,0,0,0
2247,7,133,16,326,10,1,1,0,0,0,0
2248,5,133,16,326,4,1,1,0,0,0,0
2249,3,326,16,133,14,1,0,1,0,0,0
2250,4,74,16,179,11,1,0,1,0,0,0
2251,2,74,14,179,16,0,1,0,0,0,0
2252,0,74,16,179,9,1,0,1,0,0,0
2253,4,234,16,382,6,1,1,0,0,0,0
2254,3,234,16,382,4,1,1,0,0,0,0
2255,1,356,16,336,7,1,1,1,1,0,0
2256,4,356,16,336,14,1,1,0,1,0,0
2257,4,176,14,242,16,0,0,0,0,0,0
2258,1,242,16,176,5,1,1,0,0,0,0
2259,4,135,9,252,16,0,0,1,0,0,0
2260,5,252,16,135,2,1,1,0,0,0,0
2261,2,46,16,80,3,1,1,0,0,0,0
2262,0,46,16,80,12,1,1,0,0,0,0
2263,2,265,16,367,8,1,1,1,0,0,0
2264,4,367,16,265,12,1,0,1,0,0,0
2265,1,367,12,265,16,0,1,0,0,0,0
2266,0,181,12,302,16,0,1,0,0,0,0
2267,4,181,9,302,16,0,0,1,0,0,0
2268,2,302,10,181,16,0,1,0,0,0,0
2269,1,357,12,382,16,0,0,0,0,0,0
2270,0,357,11,382,16,0,0,1,0,0,0
2271,1,354,13,234,16,0,0,1,0,0,0
2272,0,234,16,354,5,1,1,0,0,0,0
2273,7,123,8,42,16,0,0,1,1,0,0
2274,2,42,16,123,6,1,1,0,0,1,0
2275,1,2,13,177,16,0,1,0,1,0,0
2276,0,177,16,2,11,1,1,0,0,1,0
2277,2,320,5,282,16,0,0,0,0,0,0
2278,0,320,3,282,16,0,0,1,0,0,0
2279,1,320,16,282,11,1,0,1,0,0,0
2280,2,5,11,2,16,0,1,0,0,0,0
2281,1,2,19,5,15,1,1,0,0,0,0
2282,0,201,8,177,16,0,0,1,1,0,0
2283,5,177,16,201,5,1,1,0,0,1,0
2284,7,255,5,264,16,0,0,1,0,0,0
2285,1,264,14,255,16,0,1,0,0,0,0
2286,4,186,3,123,16,0,1,0,0,0,0
2287,0,123,16,186,7,1,1,0,0,0,0
2288,4,88,3,42,16,0,0,1,1,0,0
2289,0,42,16,88,1,1,1,0,0,1,0
2290,2,123,16,169,4,1,1,0,0,0,0
2291,4,123,10,177,16,0,1,1,1,0,0
2292,3,169,16,82,5,1,0,0,0,0,0
2293,0,213,6,175,16,0,1,1,0,0,0
2294,4,113,10,356,16,0,0,1,0,0,0
2295,0,176,16,337,9,1,0,0,0,0,0
2296,2,177,16,82,1,1,1,0,0,1,0
2297,1,169,4,123,16,0,1,0,0,0,0
2298,2,179,16,370,4,1,0,0,0,0,0
2299,0,93,13,80,16,0,0,0,0,0,0
2300,3,358,9,326,16,0,1,1,0,0,0
2301,0,296,16,112,14,1,0,0,0,0,0
2302,3,135,16,349,14,1,0,1,0,0,0
2303,5,201,16,324,3,1,0,1,0,0,0
2304,0,201,8,186,16,0,1,0,0,0,0
2305,2,324,16,241,10,1,0,0,0,0,0
2306,3,348,16,286,9,1,1,1,0,1,0
2307,4,286,13,348,16,0,0,1,1,0,0
2308,7,286,16,348,6,1,0,1,1,0,0
2309,2,286,10,348,16,0,1,0,1,0,0
2310,1,348,16,286,12,1,1,0,0,1,0
2311,3,324,13,201,16,0,1,0,0,0,0
2312,0,186,16,241,11,1,1,0,0,0,0
2313,0,354,16,0,6,1,0,0,0,0,0
2314,4,35,11,367,16,0,0,0,0,0,0
2315,3,382,16,332,2,1,1,0,0,0,0
2316,4,218,16,337,3,1,1,0,0,0,0
2317,0,337,3,218,16,0,0,1,0,0,0
2318,5,45,2,302,16,0,0,0,0,0,0
2319,0,277,9,88,16,0,1,0,0,0,0
2320,2,88,7,2,16,0,1,1,0,0,0
2321,1,277,16,43,13,1,0,1,0,0,0
2322,2,43,9,2,16,0,0,1,0,0,0
2323,3,88,16,277,5,1,0,1,0,0,0
2324,4,5,16,98,2,1,0,0,0,0,0
2325,5,98,16,33,2,1,0,0,0,0,0
2326,2,42,16,5,6,1,1,1,0,1,0
2327,1,5,16,98,3,1,0,1,0,0,0
2328,4,42,16,33,2,1,1,0,0,1,0
2329,2,72,10,105,16,0,1,0,0,0,0
2330,1,337,12,220,16,0,0,1,0,0,0
2331,4,220,16,337,7,1,1,0,0,0,0
2332,4,286,21,155,18,1,0,1,0,1,0
2333,2,155,15,286,21,0,0,1,1,0,0
2334,7,286,7,155,16,0,1,0,0,1,0
2335,4,278,13,105,16,0,0,1,0,0,0
2336,1,82,16,20,9,1,0,0,0,0,0
2337,3,20,20,82,22,0,0,1,0,0,0
2338,3,155,16,196,11,1,1,1,1,0,0
2339,0,105,16,207,12,1,1,1,0,0,0
2340,2,241,16,82,6,1,0,1,0,0,0
2341,0,82,7,241,16,0,0,1,0,0,0
2342,4,218,16,92,8,1,1,1,0,0,0
2343,0,218,16,92,8,1,1,0,0,0,0
2344,7,360,7,155,16,0,0,1,0,1,0
2345,4,241,16,20,2,1,1,0,0,0,0
2346,0,241,16,20,6,1,1,0,0,0,0
2347,0,146,16,283,10,1,0,0,0,0,0
2348,4,283,5,146,16,0,0,1,0,0,0
2349,2,295,14,360,16,0,1,0,0,1,0
2350,2,196,19,133,21,0,0,0,0,1,0
2351,5,196,8,133,16,0,0,1,0,1,0
2352,3,366,16,271,7,1,1,0,0,0,0
2353,5,271,8,366,16,0,0,1,0,0,0
2354,2,366,17,271,19,0,1,0,0,0,0
2355,2,286,16,196,10,1,0,0,1,0,0
2356,7,155,16,106,5,1,1,1,1,0,0
2357,4,106,8,155,16,0,0,1,0,1,0
2358,0,155,19,106,21,0,1,0,1,0,0
2359,4,92,9,220,16,0,0,1,0,0,0
2360,0,220,16,92,10,1,1,0,0,0,0
2361,4,271,16,22,6,1,1,0,0,0,0
2362,4,336,13,155,16,0,0,0,0,1,0
2363,2,295,16,135,8,1,0,1,0,1,0
2364,7,135,4,295,16,0,0,1,1,0,0
2365,0,74,16,309,5,1,1,1,0,0,0
2366,4,74,16,309,9,1,1,0,0,0,0
2367,5,286,16,360,7,1,1,1,1,0,0
2368,0,22,12,366,16,0,0,0,0,0,0
2369,4,366,16,22,6,1,1,0,0,0,0
2370,1,218,16,337,11,1,1,0,0,0,0
2371,4,337,13,218,16,0,0,1,0,0,0
2372,5,336,6,196,16,0,0,0,0,1,0
2373,2,139,13,315,16,0,0,0,0,0,0
2374,4,139,11,315,16,0,0,1,0,0,0
2375,3,177,16,108,6,1,1,0,0,1,0
2376,0,108,11,177,16,0,0,1,1,0,0
2377,0,88,16,335,13,1,1,1,0,0,0
2378,2,335,16,88,10,1,0,1,0,0,0
2379,4,271,16,224,4,1,1,1,0,0,0
2380,1,13,14,242,16,0,1,1,0,0,0
2381,1,295,16,336,6,1,1,0,1,0,0
2382,7,336,15,295,19,0,0,1,0,1,0
2383,0,92,16,337,3,1,0,0,0,0,0
2384,4,337,16,92,14,1,0,1,0,0,0
2385,1,337,9,92,16,0,1,0,0,0,0
2386,3,22,16,224,8,1,0,0,0,0,0
2387,4,224,12,22,16,0,0,1,0,0,0
2388,3,53,17,214,19,0,0,1,0,0,0
2389,0,53,16,214,11,1,0,1,0,0,0
2390,0,155,16,76,8,1,1,0,1,0,0
2391,4,155,16,76,2,1,1,0,1,0,0
2392,7,155,13,76,16,0,1,0,1,0,0
2393,7,318,20,87,22,0,1,1,0,1,0
2394,3,318,10,87,16,0,0,1,0,1,0
2395,4,73,10,338,16,0,0,0,0,0,0
2396,5,73,9,338,16,0,0,1,0,0,0
2397,4,79,17,92,19,0,0,1,0,0,0
2398,7,336,16,229,3,1,0,1,0,1,0
2399,5,336,8,229,16,0,1,0,0,1,0
2400,4,224,11,149,16,0,0,0,0,0,0
2401,2,149,16,224,10,1,1,0,0,0,0
2402,1,133,16,252,2,1,1,1,0,0,0
2403,7,133,16,252,14,1,1,0,0,0,0
2404,3,252,16,133,11,1,0,1,0,0,0
2405,2,348,16,360,9,1,1,0,1,0,0
2406,7,360,16,348,9,1,0,1,0,1,0
2407,0,348,16,360,3,1,0,1,1,0,0
2408,4,271,9,366,16,0,1,1,0,0,0
2409,3,271,14,366,16,0,0,1,0,0,0
2410,4,218,9,220,16,0,1,1,0,0,0
2411,2,218,9,220,16,0,0,1,0,0,0
2412,5,286,16,196,11,1,1,1,1,0,0
2413,2,286,16,196,9,1,1,0,1,0,0
2414,3,139,12,56,16,0,0,0,0,0,0
2415,0,56,16,139,4,1,1,0,0,0,0
2416,0,160,0,315,16,0,1,1,0,0,0
2417,3,315,16,160,5,1,1,0,0,0,0
2418,4,173,16,61,9,1,0,1,1,0,0
2419,0,173,13,61,16,0,1,0,1,0,0
2420,4,42,16,59,10,1,1,0,0,1,0
2421,0,42,14,59,16,0,1,0,0,1,0
2422,0,74,9,366,16,0,1,1,0,0,0
2423,4,74,16,366,2,1,0,1,0,0,0
2424,4,252,7,229,16,0,1,1,0,0,0
2425,7,252,11,229,16,0,0,1,0,0,0
2426,1,16,16,92,14,1,0,1,0,0,0
2427,4,79,16,287,7,1,0,0,0,0,0
2428,0,93,24,74,26,0,0,1,0,0,0
2429,7,218,16,352,4,1,0,0,0,0,0
2430,0,218,16,352,2,1,1,0,0,0,0
2431,4,76,16,220,6,1,1,1,0,1,0
2432,5,76,16,220,6,1,1,0,0,1,0
2433,2,155,16,312,9,1,0,0,0,0,0
2434,0,155,16,312,7,1,1,0,0,0,0
2435,0,375,16,361,11,1,0,0,0,0,0
2436,4,375,5,361,16,0,1,0,0,0,0
2437,0,135,12,229,16,0,0,1,0,0,0
2438,1,229,16,135,8,1,1,0,0,0,0
2439,0,287,14,16,16,0,0,1,0,0,0
2440,4,92,16,79,6,1,0,1,0,0,0
2441,7,74,13,366,16,0,1,0,0,0,0
2442,4,74,16,366,14,1,0,1,0,0,0
2443,0,366,16,74,11,1,0,1,0,0,0
2444,1,252,16,16,2,1,0,1,0,0,0
2445,5,16,5,252,16,0,0,1,0,0,0
2446,2,242,4,133,16,0,1,0,0,0,0
2447,1,133,16,242,14,1,1,0,0,0,0
2448,5,133,4,242,16,0,1,0,0,0,0
2449,3,93,16,79,5,1,0,0,0,0,0
2450,2,338,16,155,6,1,1,1,0,0,0
2451,7,155,16,338,7,1,0,1,0,0,0
2452,1,227,19,337,17,1,1,0,0,0,0
2453,2,227,16,337,6,1,1,0,0,0,0
2454,5,360,16,336,8,1,0,0,1,0,0
2455,2,336,7,360,16,0,0,1,0,1,0
2456,7,360,10,336,16,0,1,0,1,0,0
2457,4,336,11,360,16,0,1,0,0,1,0
2458,4,42,16,61,13,1,0,1,1,0,0
2459,2,31,19,143,17,1,0,0,0,0,0
2460,4,143,0,31,16,0,0,1,0,0,0
2461,0,182,14,250,16,0,0,1,0,0,0
2462,4,250,16,182,4,1,1,0,0,0,0
2463,5,219,16,197,4,1,0,0,0,0,0
2464,4,139,16,219,2,1,0,1,0,0,0
2465,2,197,4,139,16,0,0,1,0,0,0
2466,0,42,9,335,16,0,1,1,0,1,0
2467,2,335,7,42,16,0,1,0,1,0,0
2468,4,2,10,177,16,0,1,1,1,0,0
2469,1,177,16,2,8,1,1,0,0,1,0
2470,3,116,19,54,21,0,0,0,0,0,0
2471,0,307,16,347,8,1,0,0,0,0,0
2472,4,91,12,312,16,0,0,0,0,0,0
2473,2,91,9,312,16,0,0,1,0,0,0
2474,2,295,16,133,14,1,1,0,0,1,0
2475,5,295,16,133,12,1,1,0,0,1,0
2476,0,135,16,13,10,1,0,0,0,0,0
2477,1,3,5,242,16,0,0,1,0,0,0
2478,5,252,16,380,6,1,1,0,0,0,0
2479,4,380,10,252,16,0,0,1,0,0,0
2480,1,336,5,348,16,0,0,1,0,1,0
2481,0,348,16,336,8,1,1,0,1,0,0
2482,5,346,11,141,16,0,1,1,0,0,0
2483,4,93,7,74,16,0,1,0,0,0,0
2484,0,74,16,93,4,1,1,0,0,0,0
2485,3,3,10,135,16,0,0,1,0,0,0
2486,3,242,11,13,16,0,1,0,0,0,0
2487,5,57,13,50,16,0,1,1,0,0,0
2488,5,295,17,360,21,0,1,1,0,1,0
2489,7,360,7,295,16,0,1,0,1,0,0
2490,1,295,9,360,16,0,1,0,0,1,0
2491,5,242,14,229,16,0,0,1,0,0,0
2492,3,229,12,242,16,0,1,0,0,0,0
2493,0,79,8,366,16,0,0,1,0,0,0
2494,4,79,13,366,16,0,0,1,0,0,0
2495,3,366,18,79,21,0,1,0,0,0,0
2496,2,92,16,227,5,1,1,1,0,0,0
2497,4,92,16,227,13,1,1,0,0,0,0
2498,1,63,2,306,16,0,0,0,0,0,0
2499,3,306,16,63,5,1,1,0,0,0,0
2500,4,127,16,174,14,1,1,0,0,0,0
2501,2,174,3,127,16,0,0,1,0,0,0
2502,0,216,4,160,16,0,0,0,0,0,0
2503,2,138,16,216,8,1,0,0,0,0,0
2504,4,138,2,160,16,0,1,1,0,0,0
2505,3,59,16,88,13,1,1,0,0,0,0
2506,5,88,12,59,16,0,0,1,0,0,0
2507,0,312,16,152,7,1,1,0,0,0,0
2508,1,117,14,220,16,0,0,0,0,0,0
2509,0,176,14,152,16,0,1,0,0,0,0
2510,5,57,11,83,16,0,0,0,0,0,0
2511,3,83,16,57,8,1,1,0,0,0,0
2512,0,15,16,220,21,0,1,1,0,0,0
2513,1,336,16,295,12,1,0,0,0,1,0
2514,4,295,16,336,8,1,0,1,1,0,0
2515,7,336,16,295,9,1,0,1,0,1,0
2516,4,312,16,74,6,1,1,1,0,0,0
2517,1,117,16,121,3,1,0,0,0,0,0
2518,2,112,12,76,16,0,0,1,1,0,0
2519,4,112,9,76,16,0,0,1,1,0,0
2520,0,112,16,76,9,1,0,1,1,0,0
2521,5,336,16,46,7,1,1,1,0,1,0
2522,4,46,15,336,19,0,0,1,1,0,0
2523,2,133,8,76,16,0,0,0,1,0,0
2524,5,76,16,133,13,1,1,0,0,1,0
2525,5,360,9,348,16,0,1,1,0,1,0
2526,0,348,13,360,16,0,1,0,1,0,0
2527,7,360,5,348,16,0,1,0,0,1,0
2528,0,267,8,207,16,0,0,0,0,0,0
2529,3,207,16,267,3,1,1,0,0,0,0
2530,0,141,14,57,16,0,1,0,0,0,0
2531,2,141,16,57,9,1,0,1,0,0,0
2532,5,141,19,57,21,0,1,0,0,0,0
2533,2,272,16,144,3,1,0,0,0,0,0
2534,7,272,13,144,16,0,1,0,0,0,0
2535,3,144,13,272,16,0,1,0,0,0,0
2536,4,261,16,148,12,1,0,0,0,0,0
2537,3,315,16,261,1,1,1,1,0,0,0
2538,4,270,6,148,16,0,0,0,0,0,0
2539,0,6,6,131,16,0,0,1,0,0,0
2540,4,6,14,131,16,0,0,1,0,0,0
2541,3,13,6,16,16,0,1,0,0,0,0
2542,2,242,16,271,6,1,1,0,0,0,0
2543,2,361,12,13,16,0,1,0,0,0,0
2544,4,271,16,252,5,1,0,1,0,0,0
2545,4,131,7,227,16,0,1,0,0,0,0
2546,0,227,16,131,8,1,1,0,0,0,0
2547,2,24,8,242,16,0,0,1,0,0,0
2548,1,16,16,209,5,1,1,0,0,0,0
2549,4,76,16,224,3,1,1,0,0,1,0
2550,3,76,16,224,4,1,1,0,0,1,0
2551,2,150,4,224,16,0,1,0,0,0,0
2552,4,224,19,150,17,1,1,0,0,0,0
2553,5,318,16,196,11,1,0,0,1,0,0
2554,7,196,24,318,26,0,0,1,0,1,0
2555,3,318,16,196,6,1,1,0,1,0,0
2556,4,136,16,65,13,1,1,0,0,0,0
2557,2,65,12,136,16,0,0,1,0,0,0
2558,3,136,1,65,16,0,1,0,0,0,0
2559,4,300,16,126,10,1,0,0,0,0,0
2560,2,126,16,300,11,1,0,1,0,0,0
2561,0,126,10,300,16,0,1,0,0,0,0
2562,4,261,15,270,15,0,0,0,0,0,0
2563,4,337,19,6,17,1,0,0,0,0,0
2564,0,337,12,6,16,0,1,0,0,0,0
2565,2,337,16,6,14,1,0,1,0,0,0
2566,4,270,7,315,16,0,1,1,0,0,0
2567,0,315,16,148,12,1,1,1,0,0,0
2568,0,277,16,25,6,1,0,0,0,0,0
2569,1,25,8,277,16,0,0,1,0,0,0
2570,2,277,10,25,16,0,1,0,0,0,0
2571,4,278,11,72,16,0,0,0,0,0,0
2572,4,72,20,105,20,0,1,1,0,0,0
2573,7,352,8,91,16,0,0,0,0,0,0
2574,5,91,16,352,6,1,1,0,0,0,0
2575,3,207,12,105,16,0,1,1,0,0,0
2576,4,318,16,286,12,1,1,1,1,0,0
2577,0,286,12,318,16,0,0,1,0,1,0
2578,5,318,6,286,16,0,1,0,1,0,0
2579,7,286,14,318,16,0,1,0,0,1,0
2580,3,318,13,286,16,0,1,0,1,0,0
2581,4,308,16,191,4,1,0,0,0,0,0
2582,2,191,10,308,16,0,0,1,0,0,0
2583,1,134,16,94,11,1,1,0,0,0,0
2584,4,94,3,134,16,0,0,1,0,0,0
2585,0,134,8,94,16,0,1,0,0,0,0
2586,4,56,16,292,9,1,1,0,0,0,0
2587,0,273,7,292,16,0,0,0,0,0,0
2588,2,273,4,183,16,0,0,0,0,0,0
2589,1,61,16,42,14,1,0,1,0,1,0
2590,4,186,16,195,13,1,1,0,0,0,0
2591,0,195,14,186,16,0,0,1,0,0,0
2592,2,271,10,242,16,0,1,1,0,0,0
2593,3,271,16,242,11,1,0,1,0,0,0
2594,1,242,16,271,8,1,0,1,0,0,0
2595,4,46,16,135,7,1,0,1,0,0,0
2596,0,135,16,46,19,0,0,1,0,0,0
2597,5,252,16,155,14,1,0,1,0,0,0
2598,7,155,9,252,16,0,0,1,0,0,0
2599,5,149,19,242,22,0,1,1,0,0,0
2600,5,286,12,196,16,0,1,0,1,0,0
2601,2,196,16,286,4,1,1,0,0,1,0
2602,4,286,16,196,12,1,0,1,1,0,0
2603,3,229,9,133,16,0,0,0,0,0,0
2604,1,133,16,229,9,1,1,0,0,0,0
2605,3,76,16,366,10,1,1,0,0,1,0
2606,5,76,16,366,8,1,1,0,0,1,0
2607,2,149,14,271,16,0,0,0,0,0,0
2608,0,149,16,271,11,1,0,1,0,0,0
2609,4,271,16,149,5,1,0,1,0,0,0
2610,1,336,14,74,16,0,1,0,0,1,0
2611,5,74,19,336,17,1,1,0,1,0,0
2612,7,336,16,74,14,1,0,1,0,1,0
2613,7,155,8,318,16,0,0,0,1,0,0
2614,0,318,16,155,10,1,1,0,0,1,0
2615,4,226,16,279,3,1,1,0,0,0,0
2616,2,279,8,226,16,0,0,1,0,0,0
2617,0,39,8,166,16,0,0,0,0,0,0
2618,3,166,19,39,17,1,1,0,0,0,0
2619,4,292,16,183,12,1,1,1,0,0,0
2620,2,56,16,183,14,1,1,0,0,0,0
2621,0,56,16,273,1,1,1,0,0,0,0
2622,4,194,12,2,16,0,1,0,0,0,0
2623,2,194,20,2,22,0,0,1,0,0,0
2624,5,42,16,173,14,1,0,0,1,0,0
2625,2,42,16,173,6,1,1,0,1,0,0
2626,7,173,16,42,14,1,0,1,0,1,0
2627,0,88,9,186,16,0,0,1,0,0,0
2628,2,186,16,88,7,1,1,0,0,0,0
2629,1,242,16,329,8,1,1,1,0,0,0
2630,0,74,19,229,22,0,0,0,0,0,0
2631,4,229,10,74,16,0,1,0,0,0,0
2632,7,336,16,106,11,1,1,1,1,0,0
2633,4,106,8,336,16,0,0,1,0,1,0
2634,5,318,6,196,16,0,1,0,1,0,0
2635,3,318,13,196,16,0,0,1,1,0,0
2636,7,196,13,318,16,0,1,0,0,1,0
2637,0,361,7,360,16,0,0,0,1,0,0
2638,2,360,31,361,27,1,1,0,0,1,0
2639,0,312,16,218,7,1,1,1,0,0,0
2640,4,312,16,218,9,1,1,0,0,0,0
2641,5,229,9,336,16,0,0,1,1,0,0
2642,4,336,19,229,17,1,1,0,0,1,0
2643,2,242,5,149,16,0,1,0,0,0,0
2644,4,149,11,242,16,0,1,0,0,0,0
2645,5,149,16,242,5,1,0,1,0,0,0
2646,0,149,16,221,6,1,1,1,0,0,0
2647,2,149,11,221,16,0,1,0,0,0,0
2648,7,229,16,76,14,1,0,1,1,0,0
2649,0,229,14,76,16,0,1,0,1,0,0
2650,3,106,16,336,6,1,0,1,0,1,0
2651,4,336,16,106,5,1,0,1,1,0,0
2652,4,329,12,271,16,0,0,1,0,0,0
2653,1,271,16,329,2,1,1,0,0,0,0
2654,3,271,8,329,16,0,1,0,0,0,0
2655,2,74,9,360,16,0,1,1,1,0,0
2656,7,360,16,74,11,1,1,0,0,1,0
2657,2,155,12,286,16,0,0,1,1,0,0
2658,7,286,16,155,5,1,1,0,0,1,0
2659,3,106,19,229,16,1,0,0,0,1,0
2660,4,106,16,229,14,1,1,0,0,1,0
2661,0,61,16,2,11,1,1,1,0,1,0
2662,4,2,16,61,10,1,0,1,1,0,0
2663,0,359,22,322,20,1,0,0,0,0,0
2664,1,359,8,322,16,0,1,0,0,0,0
2665,3,322,13,359,16,0,1,0,0,0,0
2666,5,359,16,322,13,1,1,0,0,0,0
2667,4,322,16,359,12,1,0,1,0,0,0
2668,0,346,16,54,11,1,0,1,0,0,0
2669,4,155,6,106,16,0,0,1,1,0,0
2670,7,106,16,155,14,1,1,0,0,1,0
2671,3,380,14,242,16,0,0,0,0,0,0
2672,1,242,19,380,17,1,1,0,0,0,0
2673,0,285,7,366,16,0,0,0,0,0,0
2674,4,285,16,366,4,1,0,1,0,0,0
2675,3,57,16,347,12,1,1,0,0,0,0
2676,3,53,14,224,16,0,1,1,0,0,0
2677,2,224,9,53,16,0,1,0,0,0,0
2678,2,375,2,214,16,0,0,0,0,0,0
2679,4,214,19,375,17,1,1,0,0,0,0
2680,0,141,16,116,1,1,0,0,0,0,0
2681,3,133,16,135,5,1,1,0,0,0,0
2682,2,135,13,133,16,0,0,1,0,0,0
2683,3,106,16,76,7,1,1,1,1,0,0
2684,1,76,16,106,13,1,0,1,0,1,0
2685,2,50,16,307,2,1,1,1,0,0,0
2686,4,285,16,361,14,1,1,0,0,0,0
2687,2,366,16,285,4,1,0,1,0,0,0
2688,0,366,16,285,6,1,1,0,0,0,0
2689,4,327,16,338,6,1,1,0,0,0,0
2690,5,338,16,327,11,1,0,1,0,0,0
2691,5,106,12,327,16,0,0,0,0,1,0
2692,7,106,16,327,13,1,0,1,0,1,0
2693,0,335,13,173,16,0,0,1,1,0,0
2694,2,173,16,335,2,1,1,0,0,1,0
2695,0,195,16,194,7,1,0,0,0,0,0
2696,2,195,14,194,16,0,1,0,0,0,0
2697,3,361,16,124,5,1,0,0,0,0,0
2698,2,242,13,327,16,0,1,0,0,0,0
2699,0,327,16,242,7,1,1,0,0,0,0
2700,4,361,14,285,16,0,1,0,0,0,0
2701,0,361,9,285,16,0,0,1,0,0,0
2702,4,124,8,366,16,0,0,1,0,0,0
2703,2,124,6,366,16,0,0,1,0,0,0
2704,3,178,16,108,2,1,0,0,0,0,0
2705,0,108,16,178,10,1,0,1,0,0,0
2706,1,87,7,348,16,0,1,1,1,0,0
2707,2,348,19,87,15,1,1,0,0,1,0
2708,1,348,16,318,7,1,1,1,0,1,0
2709,3,318,14,348,16,0,0,1,1,0,0
2710,4,348,6,318,16,0,1,0,0,1,0
2711,3,286,9,87,16,0,1,0,0,1,0
2712,2,87,8,286,16,0,1,0,1,0,0
2713,0,286,12,87,16,0,1,0,0,1,0
2714,4,177,14,348,16,0,1,0,0,1,0
2715,7,348,16,177,5,1,1,0,1,0,0
2716,3,318,16,202,5,1,1,0,1,0,0
2717,7,202,14,318,16,0,0,1,0,1,0
2718,5,155,8,286,16,0,0,0,1,0,0
2719,2,286,16,155,6,1,1,0,0,1,0
2720,4,87,16,196,10,1,1,0,1,0,0
2721,3,196,13,87,16,0,0,1,0,1,0
2722,1,177,22,106,18,1,0,1,1,0,0
2723,3,278,16,72,12,1,0,0,0,0,0
2724,1,360,14,106,16,0,1,0,1,0,0
2725,4,207,8,72,16,0,0,0,0,0,0
2726,3,202,16,246,5,1,0,0,1,0,0
2727,4,105,14,72,16,0,1,1,0,0,0
2728,4,246,16,295,9,1,0,0,0,1,0
2729,1,196,16,42,14,1,0,0,1,0,0
2730,4,42,16,338,14,1,0,1,0,1,0
2731,2,155,16,58,13,1,0,0,1,0,0
2732,2,137,13,155,16,0,0,1,0,0,0
2733,5,186,10,173,16,0,1,1,1,0,0
2734,0,173,22,186,19,1,1,0,0,1,0
2735,3,178,16,195,9,1,0,0,0,0,0
2736,0,195,16,178,13,1,0,1,0,0,0
2737,3,214,8,76,16,0,1,1,1,0,0
2738,2,76,12,214,16,0,1,0,0,1,0
2739,3,348,16,196,2,1,1,1,1,0,0
2740,2,213,6,242,16,0,0,0,0,0,0
2741,3,242,16,213,13,1,1,0,0,0,0
2742,1,318,16,58,8,1,1,0,1,0,0
2743,1,213,19,79,16,1,0,1,0,0,0
2744,4,76,14,336,16,0,0,1,0,1,0
2745,0,336,16,76,13,1,1,0,1,0,0
2746,5,196,19,295,17,1,0,0,1,0,0
2747,5,360,10,58,16,0,0,0,1,0,0
2748,4,348,16,338,2,1,1,0,0,1,0
2749,1,318,16,137,8,1,1,0,0,1,0
2750,1,87,19,177,16,1,1,1,1,0,0
2751,4,242,19,213,17,1,1,1,0,0,0
2752,5,242,16,213,6,1,1,0,0,0,0
2753,3,135,11,336,16,0,0,1,1,0,0
2754,4,336,16,135,0,1,1,0,0,1,0
2755,0,202,3,286,16,0,1,1,0,1,0
2756,7,286,16,246,11,1,1,1,1,0,0
2757,5,177,16,155,6,1,0,1,0,1,0
2758,2,202,16,42,13,1,0,1,1,0,0
2759,3,87,16,106,3,1,1,1,1,0,0
2760,0,2,16,185,11,1,1,0,0,0,0
2761,2,185,10,2,16,0,0,1,0,0,0
2762,1,289,16,79,19,0,0,0,0,0,0
2763,3,229,10,214,16,0,0,1,0,0,0
2764,0,214,14,229,16,0,1,0,0,0,0
2765,3,213,16,289,12,1,0,0,0,0,0
2766,0,289,5,213,16,0,0,1,0,0,0
2767,5,46,16,76,8,1,1,0,1,0,0
2768,3,76,16,46,5,1,0,1,0,1,0
2769,4,76,16,46,4,1,1,0,0,1,0
2770,2,76,5,46,16,0,1,0,0,1,0
2771,0,46,16,76,13,1,1,0,1,0,0
2772,3,336,16,218,5,1,1,0,0,1,0
2773,0,218,13,336,16,0,0,1,1,0,0
2774,4,336,16,218,9,1,1,0,0,1,0
2775,0,380,9,74,16,0,0,0,0,0,0
2776,4,380,14,74,16,0,0,1,0,0,0
2777,3,242,16,79,8,1,1,1,0,0,0
2778,4,79,16,242,9,1,0,1,0,0,0
2779,2,79,2,242,16,0,1,0,0,0,0
2780,0,185,16,253,10,1,0,1,0,0,0
2781,2,253,9,185,16,0,0,1,0,0,0
2782,0,173,16,88,8,1,1,0,0,1,0
2783,2,88,9,173,16,0,0,1,1,0,0
2784,3,88,16,2,10,1,0,1,0,0,0
2785,2,88,14,2,16,0,1,0,0,0,0
2786,5,296,15,356,21,0,1,1,0,0,0
2787,4,356,16,296,4,1,1,0,0,0,0
2788,0,135,4,74,16,0,0,1,0,0,0
2789,4,74,9,135,16,0,1,0,0,0,0
2790,1,74,13,218,16,0,0,0,0,0,0
2791,2,218,16,74,13,1,1,0,0,0,0
2792,4,218,8,74,16,0,1,0,0,0,0
2793,4,356,16,124,4,1,1,0,0,0,0
2794,0,242,10,74,16,0,1,1,0,0,0
2795,5,214,14,252,16,0,0,1,0,0,0
2796,2,214,16,252,13,1,0,1,0,0,0
2797,7,214,3,252,16,0,1,0,0,0,0
2798,3,214,13,252,16,0,0,1,0,0,0
2799,3,356,16,120,3,1,1,0,0,0,0
2800,2,175,6,218,16,0,1,0,0,0,0
2801,3,61,19,194,16,1,0,1,0,1,0
2802,0,194,26,61,28,0,0,1,1,0,0
2803,1,12,13,277,16,0,0,0,0,0,0
2804,2,12,11,277,16,0,0,1,0,0,0
2805,4,12,16,277,4,1,0,1,0,0,0
2806,5,173,16,88,2,1,1,0,0,1,0
2807,0,88,8,173,16,0,0,1,1,0,0
2808,2,50,16,346,7,1,1,1,0,0,0
2809,0,124,6,296,16,0,0,0,0,0,0
2810,4,124,5,296,16,0,0,1,0,0,0
2811,5,57,16,141,8,1,1,1,0,0,0
2812,4,224,14,356,16,0,0,1,0,0,0
2813,3,224,17,356,19,0,0,1,0,0,0
2814,2,76,16,149,11,1,0,0,0,1,0
2815,0,76,16,149,14,1,1,0,0,1,0
2816,5,164,13,46,16,0,1,1,0,0,0
2817,3,46,16,164,12,1,1,0,0,0,0
2818,0,347,16,116,2,1,0,0,0,0,0
2819,4,296,16,356,11,1,1,1,0,0,0
2820,1,296,7,356,16,0,1,0,0,0,0
2821,0,356,5,296,16,0,1,0,0,0,0
2822,4,336,16,213,12,1,1,1,0,1,0
2823,0,213,4,336,16,0,0,1,1,0,0
2824,0,307,16,54,12,1,0,0,0,0,0
2825,2,76,16,375,4,1,1,0,0,1,0
2826,0,375,10,76,16,0,0,1,1,0,0
2827,0,230,13,213,16,0,0,0,0,0,0
2828,1,252,16,218,9,1,1,1,0,0,0
2829,4,218,7,252,16,0,0,1,0,0,0
2830,0,252,14,218,16,0,1,0,0,0,0
2831,4,336,16,22,5,1,1,1,0,1,0
2832,0,13,14,214,16,0,1,0,0,0,0
2833,3,13,11,214,16,0,0,1,0,0,0
2834,2,124,16,120,14,1,0,0,0,0,0
2835,4,124,16,120,7,1,1,0,0,0,0
2836,0,124,9,120,16,0,1,0,0,0,0
2837,0,2,4,178,16,0,1,0,0,0,0
2838,5,178,16,2,5,1,1,0,0,0,0
2839,3,185,10,61,16,0,1,1,1,0,0
2840,0,61,11,185,16,0,1,0,0,1,0
2841,4,21,16,313,2,1,0,0,0,0,0
2842,3,21,16,313,6,1,1,0,0,0,0
2843,5,336,16,76,10,1,1,1,1,0,0
2844,3,76,12,336,16,0,0,1,0,1,0
2845,2,124,22,11,20,1,0,0,0,0,0
2846,3,124,13,11,16,0,1,0,0,0,0
2847,0,124,16,11,3,1,0,1,0,0,0
2848,0,165,13,11,16,0,0,0,0,0,0
2849,2,11,12,165,16,0,1,0,0,0,0
2850,3,11,22,165,18,1,0,1,0,0,0
2851,3,44,17,165,19,0,0,0,0,0,0
2852,4,44,16,165,10,1,0,1,0,0,0
2853,1,44,9,165,16,0,1,0,0,0,0
2854,4,278,16,207,8,1,1,0,0,0,0
2855,3,278,16,72,7,1,1,1,0,0,0
2856,0,278,16,105,8,1,1,0,0,0,0
2857,4,380,8,76,16,0,0,0,1,0,0
2858,0,76,16,380,10,1,1,0,0,1,0
2859,1,74,6,336,16,0,1,1,1,0,0
2860,5,336,16,74,10,1,1,0,0,1,0
2861,4,74,16,336,5,1,0,1,1,0,0
2862,0,336,10,74,16,0,0,1,0,1,0
2863,2,74,10,336,16,0,1,0,1,0,0
2864,2,143,16,129,14,1,0,0,0,0,0
2865,1,129,5,143,16,0,0,1,0,0,0
2866,1,269,6,170,16,0,0,0,0,0,0
2867,2,269,1,14,16,0,0,0,0,0,0
2868,2,193,16,269,2,1,0,0,0,0,0
2869,3,173,19,291,16,1,1,0,0,1,0
2870,2,291,2,173,16,0,0,1,1,0,0
2871,4,201,11,277,16,0,1,0,0,0,0
2872,1,201,10,277,16,0,0,1,0,0,0
2873,2,155,16,271,6,1,0,0,0,0,0
2874,7,155,16,271,5,1,1,0,0,0,0
2875,1,76,16,106,9,1,1,0,0,1,0
2876,0,106,8,76,16,0,0,1,1,0,0
2877,3,336,16,380,3,1,1,0,0,1,0
2878,4,336,16,380,6,1,1,0,0,1,0
